frame, face_id, timestamp, confidence, success, AU01_r, AU02_r, AU04_r, AU05_r, AU06_r, AU07_r, AU09_r, AU10_r, AU12_r, AU14_r, AU15_r, AU17_r, AU20_r, AU23_r, AU25_r, AU26_r, AU45_r, AU01_c, AU02_c, AU04_c, AU05_c, AU06_c, AU07_c, AU09_c, AU10_c, AU12_c, AU14_c, AU15_c, AU17_c, AU20_c, AU23_c, AU25_c, AU26_c, AU28_c, AU45_c, FE1, FE2, FE3, FE4, FE5, FE6, FE7, FE8, FE9, FE10, FE11, FE12, FE13, FE14, FE15, FE16, FE17, FE18, FE19, FE20, FE21
1, 0, 0.000, 0.88, 1, 0.67, 0.00, 1.04, 0.00, 0.40, 2.23, 0.39, 0.00, 0.00, 0.00, 0.34, 2.31, 0.06, 0.36, 0.00, 0.45, 0.00, 1.0, 0.0, 1.0, 0.0, 0.0, 1.0, 0.0, 0.0, 0.0, 0.0, 0.0, 1.0, 0.0, 0.0, 0.0, 0.0, 0.0, 1.0, 0, 0, 1, 1, 0, 0, 0, 0, 1, 0, 1, 0, 0, 0, 1, 0, 0, 0, 0, 0, 0
2, 0, 0.040, 0.88, 1, 0.45, 0.00, 1.34, 0.00, 0.36, 2.14, 0.44, 0.00, 0.00, 0.00, 0.30, 2.49, 0.00, 0.29, 0.00, 0.26, 0.00, 0.0, 0.0, 1.0, 0.0, 0.0, 1.0, 0.0, 0.0, 0.0, 0.0, 0.0, 1.0, 0.0, 0.0, 0.0, 0.0, 0.0, 1.0, 0, 0, 0, 1, 0, 0, 0, 0, 0, 0, 0, 0, 0, 0, 0, 0, 0, 0, 0, 0, 0
3, 0, 0.080, 0.88, 1, 0.39, 0.00, 1.28, 0.00, 0.44, 2.48, 0.63, 0.00, 0.00, 0.00, 0.37, 2.56, 0.00, 0.27, 0.00, 0.27, 0.00, 0.0, 0.0, 1.0, 0.0, 0.0, 1.0, 0.0, 0.0, 0.0, 0.0, 0.0, 1.0, 0.0, 0.0, 0.0, 0.0, 0.0, 1.0, 0, 0, 0, 1, 0, 0, 0, 0, 0, 0, 0, 0, 0, 0, 0, 0, 0, 0, 0, 0, 0
4, 0, 0.120, 0.88, 1, 0.28, 0.00, 1.19, 0.00, 0.56, 2.55, 0.40, 0.00, 0.00, 0.00, 0.20, 2.42, 0.00, 0.32, 0.00, 0.17, 0.00, 0.0, 0.0, 1.0, 0.0, 1.0, 1.0, 0.0, 0.0, 0.0, 0.0, 0.0, 1.0, 0.0, 0.0, 0.0, 0.0, 0.0, 1.0, 0, 0, 0, 1, 0, 0, 0, 0, 0, 0, 0, 0, 0, 0, 0, 0, 0, 0, 0, 0, 0
5, 0, 0.160, 0.88, 1, 0.45, 0.00, 1.18, 0.00, 0.60, 2.96, 0.46, 0.00, 0.00, 0.00, 0.32, 2.45, 0.00, 0.03, 0.00, 0.13, 0.00, 0.0, 0.0, 1.0, 0.0, 1.0, 1.0, 0.0, 1.0, 0.0, 0.0, 0.0, 1.0, 0.0, 0.0, 0.0, 0.0, 0.0, 1.0, 0, 0, 0, 1, 0, 0, 0, 0, 0, 0, 0, 1, 0, 0, 0, 0, 1, 0, 1, 1, 0
6, 0, 0.200, 0.88, 1, 0.62, 0.00, 0.94, 0.00, 0.62, 2.67, 0.18, 0.00, 0.00, 0.00, 0.12, 2.17, 0.00, 0.08, 0.00, 0.02, 0.00, 1.0, 0.0, 1.0, 0.0, 1.0, 1.0, 0.0, 1.0, 0.0, 0.0, 0.0, 1.0, 0.0, 0.0, 0.0, 0.0, 0.0, 1.0, 0, 0, 1, 1, 0, 0, 0, 0, 1, 0, 1, 1, 0, 0, 1, 0, 1, 0, 1, 1, 0
7, 0, 0.240, 0.88, 1, 0.33, 0.00, 1.07, 0.00, 0.57, 2.81, 0.29, 0.00, 0.00, 0.00, 0.00, 2.03, 0.00, 0.00, 0.00, 0.00, 0.00, 0.0, 0.0, 1.0, 0.0, 0.0, 1.0, 0.0, 1.0, 0.0, 0.0, 0.0, 1.0, 0.0, 0.0, 0.0, 0.0, 0.0, 1.0, 0, 0, 0, 1, 0, 0, 0, 0, 0, 0, 0, 1, 0, 0, 0, 0, 1, 0, 1, 1, 0
8, 0, 0.280, 0.88, 1, 0.23, 0.00, 0.93, 0.00, 0.39, 2.93, 0.26, 0.00, 0.00, 0.00, 0.23, 2.07, 0.01, 0.18, 0.00, 0.00, 0.00, 1.0, 0.0, 1.0, 0.0, 0.0, 1.0, 0.0, 0.0, 0.0, 0.0, 0.0, 1.0, 1.0, 0.0, 0.0, 0.0, 0.0, 1.0, 0, 0, 1, 1, 0, 0, 0, 0, 1, 0, 1, 0, 1, 0, 1, 0, 0, 0, 0, 0, 0
9, 0, 0.320, 0.88, 1, 0.22, 0.00, 1.03, 0.00, 0.13, 2.84, 0.33, 0.00, 0.00, 0.00, 0.26, 2.17, 0.07, 0.18, 0.00, 0.00, 0.00, 1.0, 0.0, 1.0, 0.0, 0.0, 1.0, 0.0, 0.0, 0.0, 0.0, 0.0, 1.0, 1.0, 0.0, 0.0, 0.0, 0.0, 1.0, 0, 0, 1, 1, 0, 0, 0, 0, 1, 0, 1, 0, 1, 0, 1, 0, 0, 0, 0, 0, 0
10, 0, 0.360, 0.88, 1, 0.24, 0.00, 0.78, 0.00, 0.00, 3.12, 0.23, 0.00, 0.00, 0.00, 0.41, 2.01, 0.22, 0.15, 0.00, 0.00, 0.00, 1.0, 0.0, 1.0, 0.0, 0.0, 1.0, 0.0, 0.0, 0.0, 0.0, 0.0, 1.0, 1.0, 0.0, 0.0, 0.0, 0.0, 1.0, 0, 0, 1, 1, 0, 0, 0, 0, 1, 0, 1, 0, 1, 0, 1, 0, 0, 0, 0, 0, 0
11, 0, 0.400, 0.88, 1, 0.24, 0.00, 0.85, 0.00, 0.00, 3.46, 0.01, 0.00, 0.00, 0.00, 0.33, 2.18, 0.05, 0.05, 0.00, 0.00, 0.00, 1.0, 0.0, 1.0, 0.0, 0.0, 1.0, 0.0, 0.0, 0.0, 0.0, 0.0, 1.0, 1.0, 0.0, 0.0, 0.0, 0.0, 1.0, 0, 0, 1, 1, 0, 0, 0, 0, 1, 0, 1, 0, 1, 0, 1, 0, 0, 0, 0, 0, 0
12, 0, 0.440, 0.88, 1, 0.31, 0.00, 0.76, 0.00, 0.00, 2.73, 0.00, 0.00, 0.00, 0.00, 0.23, 2.02, 0.24, 0.00, 0.00, 0.00, 0.00, 1.0, 0.0, 1.0, 0.0, 0.0, 1.0, 0.0, 0.0, 0.0, 0.0, 0.0, 1.0, 1.0, 0.0, 0.0, 0.0, 0.0, 1.0, 0, 0, 1, 1, 0, 0, 0, 0, 1, 0, 1, 0, 1, 0, 1, 0, 0, 0, 0, 0, 0
13, 0, 0.480, 0.88, 1, 0.14, 0.00, 1.12, 0.00, 0.00, 2.85, 0.00, 0.00, 0.00, 0.00, 0.48, 2.13, 0.24, 0.00, 0.00, 0.00, 0.00, 1.0, 0.0, 1.0, 0.0, 0.0, 1.0, 0.0, 0.0, 0.0, 1.0, 0.0, 1.0, 1.0, 0.0, 0.0, 0.0, 0.0, 1.0, 0, 0, 1, 1, 0, 0, 0, 0, 1, 0, 1, 0, 1, 0, 1, 0, 0, 0, 0, 0, 0
14, 0, 0.520, 0.88, 1, 0.21, 0.00, 1.17, 0.00, 0.00, 2.60, 0.00, 0.00, 0.00, 0.00, 0.30, 2.03, 0.30, 0.00, 0.00, 0.00, 0.00, 1.0, 0.0, 1.0, 0.0, 0.0, 1.0, 0.0, 0.0, 0.0, 1.0, 0.0, 1.0, 1.0, 0.0, 0.0, 0.0, 0.0, 1.0, 0, 0, 1, 1, 0, 0, 0, 0, 1, 0, 1, 0, 1, 0, 1, 0, 0, 0, 0, 0, 0
15, 0, 0.560, 0.88, 1, 0.00, 0.00, 0.81, 0.00, 0.00, 2.41, 0.00, 0.00, 0.00, 0.00, 0.27, 1.88, 0.23, 0.00, 0.00, 0.00, 0.00, 1.0, 0.0, 1.0, 0.0, 0.0, 1.0, 0.0, 0.0, 0.0, 0.0, 0.0, 1.0, 1.0, 0.0, 0.0, 0.0, 0.0, 1.0, 0, 0, 1, 1, 0, 0, 0, 0, 1, 0, 1, 0, 1, 0, 1, 0, 0, 0, 0, 0, 0
16, 0, 0.600, 0.88, 1, 0.00, 0.00, 0.88, 0.00, 0.00, 2.72, 0.00, 0.00, 0.00, 0.00, 0.31, 1.80, 0.00, 0.00, 0.00, 0.00, 0.00, 1.0, 0.0, 1.0, 0.0, 0.0, 1.0, 0.0, 0.0, 0.0, 1.0, 0.0, 1.0, 1.0, 0.0, 0.0, 0.0, 0.0, 1.0, 0, 0, 1, 1, 0, 0, 0, 0, 1, 0, 1, 0, 1, 0, 1, 0, 0, 0, 0, 0, 0
17, 0, 0.640, 0.88, 1, 0.00, 0.00, 0.84, 0.00, 0.00, 2.83, 0.00, 0.00, 0.00, 0.00, 0.28, 2.11, 0.13, 0.00, 0.00, 0.00, 0.00, 1.0, 0.0, 1.0, 0.0, 0.0, 1.0, 0.0, 0.0, 0.0, 0.0, 0.0, 1.0, 1.0, 0.0, 0.0, 0.0, 0.0, 1.0, 0, 0, 1, 1, 0, 0, 0, 0, 1, 0, 1, 0, 1, 0, 1, 0, 0, 0, 0, 0, 0
18, 0, 0.680, 0.88, 1, 0.00, 0.00, 0.94, 0.00, 0.08, 2.48, 0.00, 0.00, 0.00, 0.00, 0.17, 2.27, 0.08, 0.00, 0.00, 0.00, 0.00, 1.0, 0.0, 1.0, 0.0, 0.0, 1.0, 0.0, 0.0, 0.0, 1.0, 0.0, 1.0, 1.0, 0.0, 0.0, 0.0, 0.0, 1.0, 0, 0, 1, 1, 0, 0, 0, 0, 1, 0, 1, 0, 1, 0, 1, 0, 0, 0, 0, 0, 0
19, 0, 0.720, 0.88, 1, 0.00, 0.00, 0.91, 0.00, 0.00, 2.59, 0.00, 0.00, 0.00, 0.00, 0.22, 2.09, 0.13, 0.00, 0.00, 0.00, 0.00, 1.0, 0.0, 1.0, 0.0, 0.0, 1.0, 0.0, 0.0, 0.0, 1.0, 0.0, 1.0, 1.0, 0.0, 0.0, 0.0, 0.0, 1.0, 0, 0, 1, 1, 0, 0, 0, 0, 1, 0, 1, 0, 1, 0, 1, 0, 0, 0, 0, 0, 0
20, 0, 0.760, 0.88, 1, 0.00, 0.00, 0.98, 0.00, 0.00, 2.64, 0.00, 0.00, 0.00, 0.00, 0.19, 2.41, 0.21, 0.03, 0.00, 0.00, 0.00, 1.0, 0.0, 1.0, 0.0, 1.0, 1.0, 0.0, 0.0, 0.0, 1.0, 0.0, 1.0, 1.0, 0.0, 0.0, 0.0, 0.0, 1.0, 0, 0, 1, 1, 0, 0, 0, 0, 1, 0, 1, 0, 1, 0, 1, 0, 0, 0, 0, 0, 0
21, 0, 0.800, 0.88, 1, 0.00, 0.00, 0.93, 0.00, 0.00, 2.58, 0.00, 0.00, 0.00, 0.00, 0.20, 2.55, 0.39, 0.28, 0.00, 0.00, 0.00, 1.0, 0.0, 1.0, 0.0, 0.0, 1.0, 0.0, 0.0, 0.0, 1.0, 0.0, 1.0, 1.0, 0.0, 0.0, 0.0, 0.0, 1.0, 0, 0, 1, 1, 0, 0, 0, 0, 1, 0, 1, 0, 1, 0, 1, 0, 0, 0, 0, 0, 0
22, 0, 0.840, 0.88, 1, 0.00, 0.00, 0.98, 0.00, 0.00, 2.41, 0.00, 0.00, 0.00, 0.00, 0.22, 2.50, 0.46, 0.14, 0.00, 0.00, 0.00, 1.0, 0.0, 1.0, 0.0, 0.0, 1.0, 0.0, 0.0, 0.0, 1.0, 0.0, 1.0, 1.0, 0.0, 0.0, 0.0, 0.0, 1.0, 0, 0, 1, 1, 0, 0, 0, 0, 1, 0, 1, 0, 1, 0, 1, 0, 0, 0, 0, 0, 0
23, 0, 0.880, 0.88, 1, 0.00, 0.00, 1.03, 0.00, 0.00, 2.49, 0.00, 0.00, 0.00, 0.00, 0.05, 2.39, 0.23, 0.08, 0.00, 0.00, 0.00, 1.0, 0.0, 1.0, 0.0, 0.0, 1.0, 0.0, 0.0, 0.0, 1.0, 0.0, 1.0, 1.0, 0.0, 0.0, 0.0, 0.0, 1.0, 0, 0, 1, 1, 0, 0, 0, 0, 1, 0, 1, 0, 1, 0, 1, 0, 0, 0, 0, 0, 0
24, 0, 0.920, 0.88, 1, 0.00, 0.00, 0.99, 0.00, 0.00, 2.84, 0.00, 0.00, 0.00, 0.00, 0.15, 2.46, 0.39, 0.00, 0.00, 0.00, 0.00, 1.0, 0.0, 1.0, 0.0, 0.0, 1.0, 0.0, 0.0, 0.0, 1.0, 0.0, 1.0, 1.0, 0.0, 0.0, 0.0, 0.0, 1.0, 0, 0, 1, 1, 0, 0, 0, 0, 1, 0, 1, 0, 1, 0, 1, 0, 0, 0, 0, 0, 0
25, 0, 0.960, 0.88, 1, 0.03, 0.00, 0.89, 0.00, 0.00, 2.92, 0.00, 0.00, 0.00, 0.00, 0.00, 2.48, 0.33, 0.12, 0.00, 0.00, 0.00, 1.0, 0.0, 1.0, 0.0, 1.0, 1.0, 0.0, 0.0, 0.0, 0.0, 0.0, 1.0, 1.0, 0.0, 0.0, 0.0, 0.0, 1.0, 0, 0, 1, 1, 0, 0, 0, 0, 1, 0, 1, 0, 1, 0, 1, 0, 0, 0, 0, 0, 0
26, 0, 1.000, 0.88, 1, 0.00, 0.00, 0.62, 0.00, 0.00, 2.64, 0.00, 0.00, 0.00, 0.00, 0.00, 2.49, 0.43, 0.13, 0.00, 0.00, 0.00, 1.0, 0.0, 1.0, 0.0, 0.0, 1.0, 0.0, 0.0, 0.0, 1.0, 0.0, 1.0, 1.0, 0.0, 0.0, 0.0, 0.0, 1.0, 0, 0, 1, 1, 0, 0, 0, 0, 1, 0, 1, 0, 1, 0, 1, 0, 0, 0, 0, 0, 0
27, 0, 1.040, 0.88, 1, 0.03, 0.00, 0.51, 0.00, 0.00, 2.79, 0.00, 0.00, 0.00, 0.00, 0.07, 2.42, 0.47, 0.20, 0.00, 0.00, 0.00, 1.0, 0.0, 1.0, 0.0, 0.0, 1.0, 0.0, 0.0, 0.0, 0.0, 0.0, 1.0, 1.0, 0.0, 0.0, 0.0, 0.0, 1.0, 0, 0, 1, 1, 0, 0, 0, 0, 1, 0, 1, 0, 1, 0, 1, 0, 0, 0, 0, 0, 0
28, 0, 1.080, 0.88, 1, 0.09, 0.00, 0.63, 0.00, 0.00, 2.61, 0.00, 0.00, 0.00, 0.00, 0.00, 2.27, 0.32, 0.02, 0.00, 0.00, 0.00, 1.0, 0.0, 1.0, 0.0, 1.0, 1.0, 0.0, 0.0, 0.0, 0.0, 0.0, 1.0, 1.0, 0.0, 0.0, 0.0, 0.0, 1.0, 0, 0, 1, 1, 0, 0, 0, 0, 1, 0, 1, 0, 1, 0, 1, 0, 0, 0, 0, 0, 0
29, 0, 1.120, 0.88, 1, 0.00, 0.00, 0.25, 0.00, 0.00, 2.27, 0.00, 0.00, 0.00, 0.00, 0.14, 2.27, 0.46, 0.11, 0.00, 0.00, 0.00, 1.0, 0.0, 1.0, 0.0, 0.0, 1.0, 0.0, 0.0, 0.0, 0.0, 0.0, 1.0, 1.0, 0.0, 0.0, 0.0, 1.0, 1.0, 0, 0, 1, 1, 0, 0, 0, 0, 1, 0, 1, 0, 1, 0, 1, 0, 0, 0, 0, 0, 0
30, 0, 1.160, 0.88, 1, 0.00, 0.00, 0.08, 0.00, 0.00, 2.14, 0.00, 0.00, 0.00, 0.00, 0.01, 2.26, 0.55, 0.00, 0.00, 0.00, 0.00, 1.0, 0.0, 1.0, 0.0, 0.0, 1.0, 0.0, 0.0, 0.0, 0.0, 0.0, 1.0, 1.0, 0.0, 0.0, 0.0, 1.0, 1.0, 0, 0, 1, 1, 0, 0, 0, 0, 1, 0, 1, 0, 1, 0, 1, 0, 0, 0, 0, 0, 0
31, 0, 1.200, 0.88, 1, 0.00, 0.00, 0.15, 0.00, 0.00, 2.33, 0.00, 0.00, 0.00, 0.00, 0.06, 2.14, 0.41, 0.00, 0.00, 0.00, 0.00, 1.0, 0.0, 1.0, 0.0, 0.0, 1.0, 0.0, 0.0, 0.0, 0.0, 0.0, 1.0, 1.0, 0.0, 0.0, 0.0, 0.0, 1.0, 0, 0, 1, 1, 0, 0, 0, 0, 1, 0, 1, 0, 1, 0, 1, 0, 0, 0, 0, 0, 0
32, 0, 1.240, 0.88, 1, 0.06, 0.00, 0.19, 0.00, 0.00, 2.30, 0.00, 0.00, 0.00, 0.00, 0.02, 2.23, 0.65, 0.00, 0.00, 0.00, 0.00, 1.0, 0.0, 1.0, 0.0, 0.0, 1.0, 0.0, 0.0, 0.0, 0.0, 0.0, 1.0, 1.0, 0.0, 0.0, 0.0, 0.0, 1.0, 0, 0, 1, 1, 0, 0, 0, 0, 1, 0, 1, 0, 1, 0, 1, 0, 0, 0, 0, 0, 0
33, 0, 1.280, 0.88, 1, 0.15, 0.00, 0.00, 0.00, 0.00, 2.46, 0.00, 0.00, 0.00, 0.00, 0.09, 2.45, 0.44, 0.03, 0.00, 0.00, 0.00, 1.0, 0.0, 1.0, 0.0, 0.0, 1.0, 0.0, 0.0, 0.0, 0.0, 0.0, 1.0, 1.0, 0.0, 0.0, 0.0, 0.0, 1.0, 0, 0, 1, 1, 0, 0, 0, 0, 1, 0, 1, 0, 1, 0, 1, 0, 0, 0, 0, 0, 0
34, 0, 1.320, 0.88, 1, 0.09, 0.00, 0.17, 0.00, 0.00, 2.33, 0.00, 0.00, 0.00, 0.00, 0.02, 2.36, 0.68, 0.00, 0.00, 0.00, 0.00, 1.0, 1.0, 1.0, 0.0, 0.0, 1.0, 0.0, 0.0, 0.0, 0.0, 0.0, 1.0, 1.0, 0.0, 0.0, 0.0, 0.0, 1.0, 0, 0, 1, 1, 1, 0, 1, 0, 1, 0, 1, 0, 1, 1, 1, 0, 0, 1, 0, 0, 1
35, 0, 1.360, 0.88, 1, 0.11, 0.00, 0.16, 0.00, 0.00, 1.95, 0.00, 0.00, 0.00, 0.00, 0.14, 2.79, 0.59, 0.07, 0.00, 0.00, 0.01, 1.0, 1.0, 1.0, 0.0, 0.0, 1.0, 0.0, 0.0, 0.0, 0.0, 0.0, 1.0, 1.0, 0.0, 0.0, 0.0, 0.0, 1.0, 0, 0, 1, 1, 1, 0, 1, 0, 1, 0, 1, 0, 1, 1, 1, 0, 0, 1, 0, 0, 1
36, 0, 1.400, 0.88, 1, 0.21, 0.00, 0.32, 0.00, 0.00, 1.81, 0.00, 0.00, 0.00, 0.00, 0.16, 2.70, 0.54, 0.00, 0.00, 0.00, 0.00, 1.0, 1.0, 1.0, 0.0, 0.0, 1.0, 0.0, 0.0, 0.0, 1.0, 0.0, 1.0, 1.0, 0.0, 0.0, 0.0, 0.0, 1.0, 0, 0, 1, 1, 1, 0, 1, 0, 1, 0, 1, 0, 1, 1, 1, 0, 0, 1, 0, 0, 1
37, 0, 1.440, 0.88, 1, 0.00, 0.00, 0.00, 0.00, 0.00, 2.10, 0.00, 0.00, 0.00, 0.00, 0.08, 2.43, 0.20, 0.01, 0.00, 0.00, 0.00, 1.0, 1.0, 1.0, 0.0, 0.0, 1.0, 0.0, 0.0, 0.0, 1.0, 0.0, 1.0, 1.0, 0.0, 0.0, 0.0, 0.0, 1.0, 0, 0, 1, 1, 1, 0, 1, 0, 1, 0, 1, 0, 1, 1, 1, 0, 0, 1, 0, 0, 1
38, 0, 1.480, 0.88, 1, 0.00, 0.00, 0.46, 0.00, 0.00, 2.06, 0.00, 0.00, 0.00, 0.00, 0.04, 2.47, 0.36, 0.00, 0.00, 0.00, 0.12, 1.0, 1.0, 1.0, 0.0, 0.0, 1.0, 0.0, 0.0, 0.0, 1.0, 0.0, 1.0, 1.0, 0.0, 0.0, 0.0, 0.0, 1.0, 0, 0, 1, 1, 1, 0, 1, 0, 1, 0, 1, 0, 1, 1, 1, 0, 0, 1, 0, 0, 1
39, 0, 1.520, 0.88, 1, 0.00, 0.00, 0.26, 0.00, 0.00, 1.76, 0.00, 0.00, 0.00, 0.00, 0.00, 2.33, 0.24, 0.05, 0.00, 0.00, 0.16, 1.0, 1.0, 1.0, 1.0, 0.0, 1.0, 0.0, 0.0, 0.0, 0.0, 0.0, 1.0, 1.0, 0.0, 0.0, 0.0, 0.0, 1.0, 0, 0, 1, 1, 1, 0, 1, 0, 1, 0, 1, 0, 1, 1, 1, 0, 0, 1, 0, 0, 1
40, 0, 1.560, 0.93, 1, 0.00, 0.00, 0.80, 0.00, 0.00, 2.04, 0.00, 0.00, 0.00, 0.00, 0.00, 2.04, 0.47, 0.00, 0.00, 0.00, 0.20, 1.0, 1.0, 1.0, 1.0, 0.0, 1.0, 0.0, 0.0, 0.0, 0.0, 0.0, 1.0, 1.0, 0.0, 0.0, 0.0, 0.0, 1.0, 0, 0, 1, 1, 1, 0, 1, 0, 1, 0, 1, 0, 1, 1, 1, 0, 0, 1, 0, 0, 1
41, 0, 1.600, 0.88, 1, 0.11, 0.00, 0.67, 0.00, 0.00, 1.86, 0.00, 0.00, 0.00, 0.00, 0.00, 1.84, 0.70, 0.00, 0.00, 0.00, 0.24, 1.0, 1.0, 1.0, 1.0, 0.0, 1.0, 0.0, 0.0, 0.0, 0.0, 0.0, 1.0, 1.0, 0.0, 0.0, 0.0, 0.0, 0.0, 0, 0, 1, 1, 1, 0, 1, 0, 1, 0, 1, 0, 1, 1, 1, 0, 0, 1, 0, 0, 1
42, 0, 1.640, 0.88, 1, 0.34, 0.00, 0.96, 0.00, 0.00, 1.48, 0.00, 0.00, 0.00, 0.00, 0.00, 1.82, 0.75, 0.00, 0.00, 0.00, 0.25, 1.0, 1.0, 1.0, 0.0, 0.0, 1.0, 0.0, 0.0, 0.0, 0.0, 0.0, 1.0, 1.0, 0.0, 0.0, 0.0, 0.0, 0.0, 0, 0, 1, 1, 1, 0, 1, 0, 1, 0, 1, 0, 1, 1, 1, 0, 0, 1, 0, 0, 1
43, 0, 1.680, 0.93, 1, 0.41, 0.00, 0.85, 0.00, 0.00, 1.58, 0.00, 0.00, 0.00, 0.00, 0.00, 1.73, 0.55, 0.00, 0.00, 0.00, 0.32, 1.0, 1.0, 1.0, 0.0, 0.0, 1.0, 0.0, 0.0, 0.0, 0.0, 0.0, 1.0, 1.0, 0.0, 0.0, 0.0, 0.0, 0.0, 0, 0, 1, 1, 1, 0, 1, 0, 1, 0, 1, 0, 1, 1, 1, 0, 0, 1, 0, 0, 1
44, 0, 1.720, 0.93, 1, 0.33, 0.00, 0.87, 0.00, 0.00, 2.08, 0.00, 0.00, 0.00, 0.00, 0.00, 1.74, 0.94, 0.00, 0.00, 0.00, 0.20, 1.0, 1.0, 1.0, 0.0, 0.0, 1.0, 0.0, 0.0, 0.0, 0.0, 0.0, 1.0, 1.0, 0.0, 0.0, 0.0, 0.0, 0.0, 0, 0, 1, 1, 1, 0, 1, 0, 1, 0, 1, 0, 1, 1, 1, 0, 0, 1, 0, 0, 1
45, 0, 1.760, 0.88, 1, 0.28, 0.00, 0.84, 0.13, 0.00, 1.77, 0.00, 0.00, 0.00, 0.00, 0.00, 1.55, 0.82, 0.00, 0.00, 0.00, 0.23, 1.0, 1.0, 1.0, 1.0, 0.0, 1.0, 0.0, 0.0, 0.0, 0.0, 0.0, 1.0, 1.0, 0.0, 0.0, 0.0, 0.0, 0.0, 0, 0, 1, 1, 1, 0, 1, 0, 1, 0, 1, 0, 1, 1, 1, 0, 0, 1, 0, 0, 1
46, 0, 1.800, 0.88, 1, 0.44, 0.00, 1.49, 0.00, 0.00, 1.41, 0.00, 0.00, 0.00, 0.00, 0.00, 1.64, 1.23, 0.00, 0.00, 0.00, 0.54, 1.0, 1.0, 1.0, 1.0, 0.0, 1.0, 0.0, 0.0, 0.0, 0.0, 0.0, 1.0, 1.0, 0.0, 0.0, 0.0, 0.0, 0.0, 0, 0, 1, 1, 1, 0, 1, 0, 1, 0, 1, 0, 1, 1, 1, 0, 0, 1, 0, 0, 1
47, 0, 1.840, 0.88, 1, 0.50, 0.00, 1.50, 0.23, 0.00, 1.21, 0.00, 0.00, 0.00, 0.00, 0.00, 1.42, 1.58, 0.00, 0.00, 0.00, 0.63, 1.0, 1.0, 1.0, 0.0, 0.0, 1.0, 0.0, 0.0, 0.0, 0.0, 0.0, 1.0, 1.0, 0.0, 0.0, 0.0, 0.0, 0.0, 0, 0, 1, 1, 1, 0, 1, 0, 1, 0, 1, 0, 1, 1, 1, 0, 0, 1, 0, 0, 1
48, 0, 1.880, 0.82, 1, 0.62, 0.00, 1.52, 0.32, 0.00, 1.18, 0.17, 0.00, 0.00, 0.00, 0.04, 1.18, 1.62, 0.00, 0.00, 0.00, 0.81, 1.0, 1.0, 1.0, 0.0, 0.0, 1.0, 0.0, 0.0, 0.0, 0.0, 0.0, 1.0, 1.0, 0.0, 0.0, 0.0, 0.0, 0.0, 0, 0, 1, 1, 1, 0, 1, 0, 1, 0, 1, 0, 1, 1, 1, 0, 0, 1, 0, 0, 1
49, 0, 1.920, 0.88, 1, 0.82, 0.00, 2.22, 0.00, 0.00, 0.13, 0.56, 0.00, 0.00, 0.00, 0.09, 0.98, 2.10, 0.00, 0.00, 0.00, 0.98, 1.0, 1.0, 1.0, 0.0, 0.0, 1.0, 1.0, 0.0, 0.0, 0.0, 0.0, 1.0, 1.0, 0.0, 0.0, 0.0, 0.0, 0.0, 0, 0, 1, 1, 1, 0, 1, 0, 1, 0, 1, 0, 1, 1, 1, 0, 0, 1, 0, 0, 1
50, 0, 1.960, 0.82, 1, 0.58, 0.00, 2.09, 0.00, 0.00, 0.00, 0.48, 0.00, 0.00, 0.00, 0.17, 0.99, 1.86, 0.00, 0.00, 0.00, 0.99, 1.0, 1.0, 1.0, 0.0, 0.0, 1.0, 1.0, 0.0, 0.0, 0.0, 0.0, 1.0, 1.0, 0.0, 0.0, 0.0, 0.0, 0.0, 0, 0, 1, 1, 1, 0, 1, 0, 1, 0, 1, 0, 1, 1, 1, 0, 0, 1, 0, 0, 1
51, 0, 2.000, 0.82, 1, 0.76, 0.00, 2.28, 0.00, 0.00, 0.00, 0.28, 0.00, 0.00, 0.00, 0.27, 1.20, 1.97, 0.00, 0.00, 0.00, 0.87, 1.0, 1.0, 1.0, 0.0, 0.0, 1.0, 0.0, 0.0, 0.0, 0.0, 0.0, 1.0, 1.0, 0.0, 0.0, 0.0, 0.0, 0.0, 0, 0, 1, 1, 1, 0, 1, 0, 1, 0, 1, 0, 1, 1, 1, 0, 0, 1, 0, 0, 1
52, 0, 2.040, 0.03, 0, 0.65, 0.00, 2.18, 0.03, 0.00, 0.67, 0.34, 0.00, 0.00, 0.00, 0.26, 1.35, 1.93, 0.00, 0.00, 0.00, 0.73, 1.0, 1.0, 1.0, 0.0, 0.0, 1.0, 0.0, 0.0, 0.0, 0.0, 0.0, 1.0, 1.0, 0.0, 0.0, 0.0, 0.0, 0.0, 0, 0, 1, 1, 1, 0, 1, 0, 1, 0, 1, 0, 1, 1, 1, 0, 0, 1, 0, 0, 1
53, 0, 2.080, 0.82, 1, 0.62, 0.00, 1.74, 0.00, 0.00, 1.08, 0.04, 0.00, 0.00, 0.00, 0.26, 0.84, 1.58, 0.00, 0.00, 0.00, 0.71, 1.0, 1.0, 1.0, 0.0, 0.0, 1.0, 0.0, 0.0, 0.0, 0.0, 0.0, 1.0, 1.0, 0.0, 0.0, 0.0, 0.0, 1.0, 0, 0, 1, 1, 1, 0, 1, 0, 1, 0, 1, 0, 1, 1, 1, 0, 0, 1, 0, 0, 1
54, 0, 2.120, 0.82, 1, 0.85, 0.00, 2.35, 0.73, 0.00, 0.50, 0.68, 0.00, 0.00, 0.00, 0.14, 0.97, 1.35, 0.00, 0.00, 0.00, 1.22, 1.0, 1.0, 1.0, 1.0, 0.0, 1.0, 0.0, 0.0, 0.0, 0.0, 0.0, 1.0, 1.0, 0.0, 0.0, 0.0, 0.0, 1.0, 0, 0, 1, 1, 1, 0, 1, 0, 1, 0, 1, 0, 1, 1, 1, 0, 0, 1, 0, 0, 1
55, 0, 2.160, 0.82, 1, 0.61, 0.00, 2.48, 1.14, 0.00, 0.00, 0.95, 0.00, 0.08, 0.00, 0.21, 1.30, 1.37, 0.00, 0.00, 0.00, 1.14, 1.0, 1.0, 1.0, 0.0, 0.0, 1.0, 1.0, 0.0, 0.0, 0.0, 0.0, 1.0, 1.0, 0.0, 0.0, 0.0, 0.0, 0.0, 0, 0, 1, 1, 1, 0, 1, 0, 1, 0, 1, 0, 1, 1, 1, 0, 0, 1, 0, 0, 1
56, 0, 2.200, 0.82, 1, 0.98, 0.00, 2.51, 0.71, 0.00, 0.34, 0.93, 0.00, 0.00, 0.00, 0.13, 1.54, 1.16, 0.00, 0.00, 0.00, 1.14, 1.0, 1.0, 1.0, 0.0, 0.0, 1.0, 0.0, 0.0, 0.0, 0.0, 0.0, 1.0, 1.0, 0.0, 0.0, 0.0, 0.0, 0.0, 0, 0, 1, 1, 1, 0, 1, 0, 1, 0, 1, 0, 1, 1, 1, 0, 0, 1, 0, 0, 1
57, 0, 2.240, 0.82, 1, 0.33, 0.00, 2.69, 0.52, 0.00, 0.29, 0.54, 0.00, 0.07, 0.13, 0.03, 1.30, 1.02, 0.00, 0.00, 0.00, 0.86, 1.0, 1.0, 1.0, 0.0, 0.0, 1.0, 0.0, 0.0, 0.0, 1.0, 0.0, 1.0, 1.0, 0.0, 0.0, 0.0, 0.0, 0.0, 0, 0, 1, 1, 1, 0, 1, 0, 1, 0, 1, 0, 1, 1, 1, 0, 0, 1, 0, 0, 1
58, 0, 2.280, 0.88, 1, 0.38, 0.00, 2.59, 0.63, 0.00, 0.75, 0.14, 0.00, 0.10, 0.09, 0.02, 1.13, 0.92, 0.00, 0.00, 0.00, 0.76, 1.0, 1.0, 1.0, 1.0, 0.0, 1.0, 0.0, 0.0, 0.0, 1.0, 0.0, 1.0, 1.0, 0.0, 0.0, 0.0, 0.0, 1.0, 0, 0, 1, 1, 1, 0, 1, 0, 1, 0, 1, 0, 1, 1, 1, 0, 0, 1, 0, 0, 1
59, 0, 2.320, 0.88, 1, 0.51, 0.00, 1.91, 0.00, 0.00, 1.33, 0.00, 0.00, 0.00, 0.00, 0.00, 1.04, 0.41, 0.00, 0.00, 0.00, 0.45, 1.0, 1.0, 1.0, 1.0, 0.0, 1.0, 0.0, 0.0, 0.0, 0.0, 0.0, 1.0, 1.0, 0.0, 0.0, 0.0, 0.0, 1.0, 0, 0, 1, 1, 1, 0, 1, 0, 1, 0, 1, 0, 1, 1, 1, 0, 0, 1, 0, 0, 1
60, 0, 2.360, 0.88, 1, 0.37, 0.00, 1.88, 0.00, 0.00, 1.98, 0.00, 0.00, 0.00, 0.00, 0.00, 1.38, 0.22, 0.00, 0.00, 0.00, 0.31, 1.0, 0.0, 1.0, 1.0, 0.0, 1.0, 0.0, 0.0, 0.0, 1.0, 0.0, 1.0, 1.0, 0.0, 0.0, 0.0, 0.0, 1.0, 0, 0, 1, 1, 0, 0, 0, 0, 1, 0, 1, 0, 1, 0, 1, 0, 0, 0, 0, 0, 0
61, 0, 2.400, 0.88, 1, 0.22, 0.00, 1.66, 0.00, 0.00, 2.21, 0.00, 0.00, 0.00, 0.04, 0.00, 1.57, 0.28, 0.00, 0.00, 0.00, 0.28, 1.0, 0.0, 1.0, 0.0, 0.0, 1.0, 0.0, 0.0, 0.0, 1.0, 0.0, 1.0, 1.0, 0.0, 0.0, 0.0, 0.0, 1.0, 0, 0, 1, 1, 0, 0, 0, 0, 1, 0, 1, 0, 1, 0, 1, 0, 0, 0, 0, 0, 0
62, 0, 2.440, 0.88, 1, 0.17, 0.00, 1.51, 0.00, 0.00, 2.36, 0.00, 0.00, 0.00, 0.00, 0.00, 1.86, 0.54, 0.10, 0.00, 0.00, 0.06, 1.0, 0.0, 1.0, 1.0, 0.0, 1.0, 0.0, 0.0, 0.0, 1.0, 0.0, 1.0, 1.0, 0.0, 0.0, 0.0, 0.0, 1.0, 0, 0, 1, 1, 0, 0, 0, 0, 1, 0, 1, 0, 1, 0, 1, 0, 0, 0, 0, 0, 0
63, 0, 2.480, 0.88, 1, 0.32, 0.00, 1.57, 0.00, 0.00, 2.00, 0.00, 0.00, 0.00, 0.00, 0.00, 1.85, 0.41, 0.19, 0.00, 0.00, 0.04, 1.0, 0.0, 1.0, 1.0, 0.0, 1.0, 0.0, 0.0, 0.0, 1.0, 0.0, 1.0, 1.0, 0.0, 0.0, 0.0, 1.0, 1.0, 0, 0, 1, 1, 0, 0, 0, 0, 1, 0, 1, 0, 1, 0, 1, 0, 0, 0, 0, 0, 0
64, 0, 2.520, 0.88, 1, 0.00, 0.00, 1.04, 0.00, 0.00, 2.28, 0.00, 0.00, 0.00, 0.00, 0.00, 2.76, 0.55, 0.00, 0.00, 0.00, 0.00, 1.0, 0.0, 1.0, 0.0, 0.0, 1.0, 0.0, 0.0, 0.0, 0.0, 0.0, 1.0, 1.0, 0.0, 0.0, 0.0, 1.0, 1.0, 0, 0, 1, 1, 0, 0, 0, 0, 1, 0, 1, 0, 1, 0, 1, 0, 0, 0, 0, 0, 0
65, 0, 2.560, 0.03, 0, 0.12, 0.00, 0.76, 0.00, 0.00, 1.82, 0.00, 0.00, 0.00, 0.00, 0.12, 2.82, 0.28, 0.00, 0.00, 0.00, 0.00, 1.0, 0.0, 1.0, 0.0, 0.0, 1.0, 0.0, 0.0, 0.0, 0.0, 0.0, 1.0, 1.0, 0.0, 0.0, 0.0, 0.0, 1.0, 0, 0, 1, 1, 0, 0, 0, 0, 1, 0, 1, 0, 1, 0, 1, 0, 0, 0, 0, 0, 0
66, 0, 2.600, 0.03, 0, 0.43, 0.00, 1.00, 0.00, 0.00, 2.05, 0.00, 0.00, 0.00, 0.00, 0.00, 2.98, 0.72, 0.00, 0.00, 0.00, 0.00, 1.0, 0.0, 1.0, 1.0, 0.0, 1.0, 0.0, 0.0, 0.0, 0.0, 0.0, 1.0, 1.0, 0.0, 0.0, 0.0, 0.0, 1.0, 0, 0, 1, 1, 0, 0, 0, 0, 1, 0, 1, 0, 1, 0, 1, 0, 0, 0, 0, 0, 0
67, 0, 2.640, 0.88, 1, 0.54, 0.00, 0.74, 0.00, 0.00, 2.40, 0.00, 0.00, 0.00, 0.00, 0.00, 3.02, 0.69, 0.00, 0.00, 0.00, 0.00, 1.0, 1.0, 1.0, 1.0, 0.0, 1.0, 0.0, 0.0, 0.0, 0.0, 0.0, 1.0, 1.0, 0.0, 0.0, 0.0, 0.0, 1.0, 0, 0, 1, 1, 1, 0, 1, 0, 1, 0, 1, 0, 1, 1, 1, 0, 0, 1, 0, 0, 1
68, 0, 2.680, 0.88, 1, 0.30, 0.00, 0.80, 0.00, 0.00, 2.19, 0.00, 0.00, 0.00, 0.00, 0.00, 3.01, 0.00, 0.00, 0.00, 0.00, 0.00, 1.0, 0.0, 1.0, 1.0, 0.0, 1.0, 0.0, 0.0, 0.0, 0.0, 0.0, 1.0, 1.0, 0.0, 0.0, 0.0, 0.0, 1.0, 0, 0, 1, 1, 0, 0, 0, 0, 1, 0, 1, 0, 1, 0, 1, 0, 0, 0, 0, 0, 0
69, 0, 2.720, 0.03, 0, 0.39, 0.00, 0.59, 0.00, 0.00, 2.69, 0.00, 0.00, 0.00, 0.00, 0.00, 2.59, 0.03, 0.00, 0.00, 0.00, 0.00, 1.0, 0.0, 1.0, 1.0, 0.0, 1.0, 0.0, 0.0, 0.0, 0.0, 0.0, 1.0, 0.0, 0.0, 0.0, 0.0, 0.0, 1.0, 0, 0, 1, 1, 0, 0, 0, 0, 1, 0, 1, 0, 0, 0, 1, 0, 0, 0, 0, 0, 0
70, 0, 2.760, 0.03, 0, 0.67, 0.00, 0.61, 0.00, 0.00, 2.72, 0.00, 0.00, 0.00, 0.00, 0.00, 2.63, 0.15, 0.07, 0.00, 0.00, 0.00, 1.0, 0.0, 1.0, 1.0, 0.0, 1.0, 0.0, 0.0, 0.0, 0.0, 0.0, 1.0, 1.0, 0.0, 0.0, 0.0, 0.0, 1.0, 0, 0, 1, 1, 0, 0, 0, 0, 1, 0, 1, 0, 1, 0, 1, 0, 0, 0, 0, 0, 0
71, 0, 2.800, 0.88, 1, 0.13, 0.00, 0.48, 0.00, 0.00, 2.68, 0.00, 0.00, 0.00, 0.00, 0.00, 2.21, 0.13, 0.08, 0.00, 0.00, 0.00, 1.0, 0.0, 1.0, 1.0, 0.0, 1.0, 0.0, 0.0, 0.0, 0.0, 0.0, 1.0, 1.0, 0.0, 0.0, 0.0, 0.0, 0.0, 0, 0, 1, 1, 0, 0, 0, 0, 1, 0, 1, 0, 1, 0, 1, 0, 0, 0, 0, 0, 0
72, 0, 2.840, 0.88, 1, 0.06, 0.00, 0.34, 0.00, 0.00, 3.00, 0.00, 0.00, 0.00, 0.00, 0.00, 2.48, 0.36, 0.07, 0.00, 0.00, 0.00, 1.0, 0.0, 1.0, 1.0, 0.0, 1.0, 0.0, 0.0, 0.0, 0.0, 0.0, 1.0, 1.0, 0.0, 0.0, 0.0, 0.0, 1.0, 0, 0, 1, 1, 0, 0, 0, 0, 1, 0, 1, 0, 1, 0, 1, 0, 0, 0, 0, 0, 0
73, 0, 2.880, 0.88, 1, 0.38, 0.00, 0.55, 0.00, 0.00, 2.11, 0.00, 0.00, 0.00, 0.00, 0.03, 2.29, 0.02, 0.19, 0.00, 0.00, 0.07, 1.0, 0.0, 1.0, 1.0, 0.0, 1.0, 0.0, 0.0, 0.0, 0.0, 0.0, 1.0, 1.0, 0.0, 0.0, 0.0, 0.0, 1.0, 0, 0, 1, 1, 0, 0, 0, 0, 1, 0, 1, 0, 1, 0, 1, 0, 0, 0, 0, 0, 0
74, 0, 2.920, 0.88, 1, 0.00, 0.00, 0.52, 0.00, 0.00, 2.44, 0.00, 0.00, 0.00, 0.00, 0.16, 2.35, 0.30, 0.21, 0.00, 0.00, 0.00, 1.0, 0.0, 1.0, 1.0, 0.0, 1.0, 0.0, 0.0, 0.0, 0.0, 0.0, 1.0, 1.0, 0.0, 0.0, 0.0, 0.0, 1.0, 0, 0, 1, 1, 0, 0, 0, 0, 1, 0, 1, 0, 1, 0, 1, 0, 0, 0, 0, 0, 0
75, 0, 2.960, 0.88, 1, 0.00, 0.00, 0.29, 0.00, 0.00, 2.48, 0.00, 0.00, 0.00, 0.00, 0.33, 2.57, 0.20, 0.45, 0.00, 0.00, 0.00, 1.0, 0.0, 1.0, 1.0, 0.0, 1.0, 0.0, 0.0, 0.0, 0.0, 0.0, 1.0, 1.0, 0.0, 0.0, 0.0, 0.0, 1.0, 0, 0, 1, 1, 0, 0, 0, 0, 1, 0, 1, 0, 1, 0, 1, 0, 0, 0, 0, 0, 0
76, 0, 3.000, 0.88, 1, 0.00, 0.00, 0.44, 0.00, 0.00, 2.74, 0.00, 0.00, 0.00, 0.00, 0.07, 2.51, 0.18, 0.41, 0.00, 0.00, 0.00, 1.0, 0.0, 1.0, 0.0, 0.0, 1.0, 0.0, 0.0, 0.0, 0.0, 0.0, 1.0, 1.0, 0.0, 0.0, 0.0, 0.0, 1.0, 0, 0, 1, 1, 0, 0, 0, 0, 1, 0, 1, 0, 1, 0, 1, 0, 0, 0, 0, 0, 0
77, 0, 3.040, 0.88, 1, 0.00, 0.00, 0.14, 0.00, 0.00, 2.60, 0.00, 0.00, 0.00, 0.00, 0.20, 2.40, 0.31, 0.34, 0.00, 0.00, 0.00, 1.0, 0.0, 1.0, 0.0, 0.0, 1.0, 0.0, 0.0, 0.0, 0.0, 0.0, 1.0, 1.0, 0.0, 0.0, 0.0, 0.0, 1.0, 0, 0, 1, 1, 0, 0, 0, 0, 1, 0, 1, 0, 1, 0, 1, 0, 0, 0, 0, 0, 0
78, 0, 3.080, 0.98, 1, 0.00, 0.00, 0.40, 0.00, 0.00, 2.72, 0.00, 0.00, 0.00, 0.00, 0.29, 2.25, 0.27, 0.42, 0.00, 0.00, 0.00, 1.0, 0.0, 1.0, 1.0, 0.0, 1.0, 0.0, 0.0, 0.0, 0.0, 0.0, 1.0, 0.0, 0.0, 0.0, 0.0, 0.0, 1.0, 0, 0, 1, 1, 0, 0, 0, 0, 1, 0, 1, 0, 0, 0, 1, 0, 0, 0, 0, 0, 0
79, 0, 3.120, 0.03, 0, 0.09, 0.00, 0.73, 0.00, 0.00, 2.59, 0.00, 0.00, 0.00, 0.00, 0.65, 2.14, 0.33, 0.37, 0.00, 0.00, 0.00, 1.0, 1.0, 1.0, 0.0, 0.0, 1.0, 0.0, 0.0, 0.0, 0.0, 0.0, 1.0, 0.0, 0.0, 0.0, 0.0, 0.0, 1.0, 0, 0, 1, 1, 1, 0, 1, 0, 1, 0, 1, 0, 0, 1, 1, 0, 0, 1, 0, 0, 1
80, 0, 3.160, 0.88, 1, 0.40, 0.00, 1.31, 0.00, 0.00, 2.43, 0.00, 0.00, 0.00, 0.00, 0.74, 2.06, 0.28, 0.05, 0.00, 0.00, 0.00, 1.0, 1.0, 1.0, 0.0, 0.0, 1.0, 0.0, 0.0, 0.0, 0.0, 0.0, 1.0, 1.0, 0.0, 0.0, 0.0, 0.0, 0.0, 0, 0, 1, 1, 1, 0, 1, 0, 1, 0, 1, 0, 1, 1, 1, 0, 0, 1, 0, 0, 1
81, 0, 3.200, 0.88, 1, 0.95, 0.00, 1.97, 0.00, 0.00, 1.56, 0.00, 0.00, 0.00, 0.00, 0.47, 1.89, 0.77, 0.00, 0.00, 0.00, 0.12, 1.0, 1.0, 1.0, 1.0, 0.0, 1.0, 0.0, 0.0, 0.0, 0.0, 0.0, 1.0, 1.0, 0.0, 0.0, 0.0, 0.0, 0.0, 0, 0, 1, 1, 1, 0, 1, 0, 1, 0, 1, 0, 1, 1, 1, 0, 0, 1, 0, 0, 1
82, 0, 3.240, 0.88, 1, 1.37, 0.00, 1.96, 0.62, 0.00, 1.21, 0.00, 0.00, 0.00, 0.00, 0.36, 1.66, 0.79, 0.00, 0.00, 0.00, 0.27, 1.0, 1.0, 1.0, 1.0, 0.0, 1.0, 0.0, 0.0, 0.0, 0.0, 0.0, 1.0, 1.0, 0.0, 0.0, 0.0, 0.0, 0.0, 0, 0, 1, 1, 1, 0, 1, 0, 1, 0, 1, 0, 1, 1, 1, 0, 0, 1, 0, 0, 1
83, 0, 3.280, 0.88, 1, 1.44, 0.00, 1.73, 0.35, 0.00, 0.82, 0.11, 0.00, 0.00, 0.00, 0.40, 1.63, 1.02, 0.00, 0.00, 0.00, 0.42, 1.0, 1.0, 1.0, 1.0, 0.0, 1.0, 0.0, 0.0, 0.0, 0.0, 0.0, 1.0, 1.0, 0.0, 0.0, 0.0, 0.0, 0.0, 0, 0, 1, 1, 1, 0, 1, 0, 1, 0, 1, 0, 1, 1, 1, 0, 0, 1, 0, 0, 1
84, 0, 3.320, 0.88, 1, 0.66, 0.00, 2.09, 0.64, 0.00, 0.76, 0.49, 0.00, 0.00, 0.00, 0.48, 1.29, 0.79, 0.00, 0.00, 0.00, 0.49, 1.0, 1.0, 1.0, 1.0, 0.0, 1.0, 0.0, 0.0, 0.0, 0.0, 0.0, 1.0, 1.0, 0.0, 0.0, 0.0, 0.0, 0.0, 0, 0, 1, 1, 1, 0, 1, 0, 1, 0, 1, 0, 1, 1, 1, 0, 0, 1, 0, 0, 1
85, 0, 3.360, 0.88, 1, 0.99, 0.00, 1.98, 0.79, 0.00, 0.97, 1.11, 0.00, 0.00, 0.00, 0.58, 1.22, 0.83, 0.00, 0.00, 0.00, 0.24, 1.0, 1.0, 1.0, 1.0, 0.0, 1.0, 0.0, 0.0, 0.0, 0.0, 0.0, 1.0, 1.0, 0.0, 0.0, 0.0, 0.0, 0.0, 0, 0, 1, 1, 1, 0, 1, 0, 1, 0, 1, 0, 1, 1, 1, 0, 0, 1, 0, 0, 1
86, 0, 3.400, 0.03, 0, 1.37, 0.02, 2.32, 1.15, 0.00, 0.91, 1.26, 0.00, 0.00, 0.00, 0.44, 1.27, 0.79, 0.00, 0.00, 0.00, 0.30, 1.0, 1.0, 1.0, 1.0, 0.0, 1.0, 0.0, 0.0, 0.0, 0.0, 0.0, 1.0, 1.0, 0.0, 0.0, 0.0, 0.0, 0.0, 0, 0, 1, 1, 1, 0, 1, 0, 1, 0, 1, 0, 1, 1, 1, 0, 0, 1, 0, 0, 1
87, 0, 3.440, 0.03, 0, 1.15, 0.00, 2.45, 0.73, 0.00, 1.15, 0.86, 0.00, 0.00, 0.00, 0.50, 1.25, 0.90, 0.00, 0.00, 0.00, 0.00, 1.0, 1.0, 1.0, 1.0, 0.0, 1.0, 0.0, 0.0, 0.0, 0.0, 0.0, 1.0, 1.0, 0.0, 0.0, 0.0, 0.0, 0.0, 0, 0, 1, 1, 1, 0, 1, 0, 1, 0, 1, 0, 1, 1, 1, 0, 0, 1, 0, 0, 1
88, 0, 3.480, 0.03, 0, 0.63, 0.00, 2.50, 0.66, 0.00, 1.56, 0.52, 0.00, 0.00, 0.00, 0.42, 0.99, 0.74, 0.00, 0.00, 0.00, 0.00, 1.0, 1.0, 1.0, 1.0, 0.0, 1.0, 0.0, 0.0, 0.0, 0.0, 0.0, 1.0, 1.0, 0.0, 0.0, 0.0, 0.0, 0.0, 0, 0, 1, 1, 1, 0, 1, 0, 1, 0, 1, 0, 1, 1, 1, 0, 0, 1, 0, 0, 1
89, 0, 3.520, 0.73, 0, 0.92, 0.00, 2.93, 0.98, 0.02, 1.75, 0.54, 0.00, 0.02, 0.00, 0.53, 0.84, 0.60, 0.07, 0.00, 0.00, 0.00, 1.0, 1.0, 1.0, 1.0, 0.0, 1.0, 0.0, 0.0, 0.0, 0.0, 0.0, 0.0, 1.0, 0.0, 0.0, 0.0, 0.0, 0.0, 0, 0, 1, 1, 1, 0, 1, 0, 1, 0, 1, 0, 1, 1, 1, 0, 0, 1, 0, 0, 1
90, 0, 3.560, 0.88, 1, 0.55, 0.00, 2.72, 0.74, 0.29, 1.74, 0.66, 0.00, 0.18, 0.00, 0.87, 0.69, 0.67, 0.00, 0.00, 0.00, 0.00, 1.0, 1.0, 1.0, 1.0, 0.0, 1.0, 0.0, 0.0, 0.0, 0.0, 0.0, 0.0, 1.0, 0.0, 0.0, 0.0, 0.0, 0.0, 0, 0, 1, 1, 1, 0, 1, 0, 1, 0, 1, 0, 1, 1, 1, 0, 0, 1, 0, 0, 1
91, 0, 3.600, 0.88, 1, 0.71, 0.00, 2.85, 1.31, 0.33, 1.40, 0.64, 0.00, 0.10, 0.00, 0.95, 0.71, 0.76, 0.00, 0.10, 0.00, 0.00, 1.0, 1.0, 1.0, 1.0, 0.0, 1.0, 0.0, 0.0, 0.0, 0.0, 0.0, 0.0, 1.0, 0.0, 0.0, 0.0, 0.0, 0.0, 0, 0, 1, 1, 1, 0, 1, 0, 1, 0, 1, 0, 1, 1, 1, 0, 0, 1, 0, 0, 1
92, 0, 3.640, 0.03, 0, 0.85, 0.00, 3.02, 1.29, 0.27, 1.26, 0.57, 0.00, 0.22, 0.00, 0.96, 0.80, 0.84, 0.00, 0.15, 0.00, 0.00, 1.0, 1.0, 1.0, 1.0, 0.0, 1.0, 0.0, 0.0, 0.0, 0.0, 0.0, 0.0, 0.0, 0.0, 0.0, 0.0, 0.0, 0.0, 0, 0, 1, 1, 1, 0, 1, 0, 1, 0, 1, 0, 0, 1, 1, 0, 0, 1, 0, 0, 1
93, 0, 3.680, 0.88, 1, 0.63, 0.00, 2.83, 1.01, 0.16, 1.29, 0.69, 0.00, 0.14, 0.00, 0.93, 0.90, 0.28, 0.00, 0.00, 0.00, 0.00, 1.0, 1.0, 1.0, 1.0, 0.0, 1.0, 0.0, 0.0, 0.0, 0.0, 0.0, 0.0, 1.0, 0.0, 0.0, 0.0, 0.0, 0.0, 0, 0, 1, 1, 1, 0, 1, 0, 1, 0, 1, 0, 1, 1, 1, 0, 0, 1, 0, 0, 1
94, 0, 3.720, 0.88, 1, 0.81, 0.00, 2.25, 0.90, 0.05, 0.85, 0.45, 0.00, 0.00, 0.00, 0.71, 0.96, 0.32, 0.00, 0.00, 0.00, 0.00, 1.0, 1.0, 1.0, 1.0, 0.0, 1.0, 0.0, 0.0, 0.0, 0.0, 0.0, 1.0, 1.0, 0.0, 0.0, 0.0, 0.0, 0.0, 0, 0, 1, 1, 1, 0, 1, 0, 1, 0, 1, 0, 1, 1, 1, 0, 0, 1, 0, 0, 1
95, 0, 3.760, 0.88, 1, 0.88, 0.00, 2.50, 0.51, 0.13, 1.20, 0.34, 0.00, 0.00, 0.00, 0.63, 0.72, 0.32, 0.10, 0.00, 0.00, 0.00, 1.0, 1.0, 1.0, 1.0, 0.0, 1.0, 0.0, 0.0, 0.0, 0.0, 0.0, 0.0, 1.0, 0.0, 0.0, 0.0, 0.0, 0.0, 0, 0, 1, 1, 1, 0, 1, 0, 1, 0, 1, 0, 1, 1, 1, 0, 0, 1, 0, 0, 1
96, 0, 3.800, 0.88, 1, 0.74, 0.00, 2.41, 0.50, 0.05, 1.15, 0.17, 0.00, 0.00, 0.00, 0.59, 0.96, 0.27, 0.05, 0.00, 0.00, 0.00, 1.0, 1.0, 1.0, 1.0, 0.0, 1.0, 0.0, 0.0, 0.0, 0.0, 0.0, 1.0, 1.0, 0.0, 0.0, 0.0, 0.0, 0.0, 0, 0, 1, 1, 1, 0, 1, 0, 1, 0, 1, 0, 1, 1, 1, 0, 0, 1, 0, 0, 1
97, 0, 3.840, 0.88, 1, 0.54, 0.00, 2.77, 0.00, 0.01, 1.01, 0.24, 0.00, 0.00, 0.00, 0.45, 0.99, 0.55, 0.32, 0.00, 0.00, 0.00, 1.0, 1.0, 1.0, 1.0, 0.0, 1.0, 0.0, 0.0, 0.0, 0.0, 0.0, 1.0, 1.0, 0.0, 0.0, 0.0, 0.0, 0.0, 0, 0, 1, 1, 1, 0, 1, 0, 1, 0, 1, 0, 1, 1, 1, 0, 0, 1, 0, 0, 1
98, 0, 3.880, 0.88, 1, 0.30, 0.00, 2.65, 0.00, 0.00, 1.06, 0.19, 0.00, 0.00, 0.00, 0.29, 1.09, 0.61, 0.31, 0.00, 0.00, 0.00, 1.0, 1.0, 1.0, 1.0, 0.0, 1.0, 0.0, 0.0, 0.0, 0.0, 0.0, 1.0, 1.0, 0.0, 0.0, 0.0, 0.0, 0.0, 0, 0, 1, 1, 1, 0, 1, 0, 1, 0, 1, 0, 1, 1, 1, 0, 0, 1, 0, 0, 1
99, 0, 3.920, 0.88, 1, 0.36, 0.00, 2.71, 0.00, 0.00, 1.11, 0.11, 0.00, 0.00, 0.00, 0.21, 1.10, 0.65, 0.41, 0.00, 0.00, 0.00, 1.0, 1.0, 1.0, 1.0, 0.0, 1.0, 0.0, 0.0, 0.0, 0.0, 0.0, 1.0, 1.0, 1.0, 0.0, 0.0, 0.0, 0.0, 0, 0, 1, 1, 1, 0, 1, 0, 1, 0, 1, 0, 1, 1, 1, 0, 0, 1, 0, 0, 1
100, 0, 3.960, 0.88, 1, 0.16, 0.00, 2.63, 0.47, 0.00, 1.09, 0.00, 0.00, 0.00, 0.00, 0.26, 1.27, 0.63, 0.44, 0.00, 0.00, 0.00, 1.0, 1.0, 1.0, 1.0, 0.0, 1.0, 0.0, 0.0, 0.0, 0.0, 0.0, 1.0, 1.0, 1.0, 0.0, 0.0, 0.0, 0.0, 0, 0, 1, 1, 1, 0, 1, 0, 1, 0, 1, 0, 1, 1, 1, 0, 0, 1, 0, 0, 1
101, 0, 4.000, 0.88, 1, 0.38, 0.00, 2.25, 0.70, 0.00, 1.11, 0.06, 0.00, 0.00, 0.00, 0.13, 1.04, 0.60, 0.25, 0.00, 0.00, 0.00, 1.0, 1.0, 1.0, 1.0, 0.0, 1.0, 0.0, 0.0, 0.0, 0.0, 0.0, 1.0, 1.0, 0.0, 0.0, 0.0, 0.0, 0.0, 0, 0, 1, 1, 1, 0, 1, 0, 1, 0, 1, 0, 1, 1, 1, 0, 0, 1, 0, 0, 1
102, 0, 4.040, 0.88, 1, 0.20, 0.00, 2.31, 0.66, 0.00, 1.11, 0.00, 0.00, 0.00, 0.00, 0.03, 0.99, 0.60, 0.34, 0.00, 0.00, 0.00, 1.0, 1.0, 1.0, 1.0, 0.0, 1.0, 0.0, 0.0, 0.0, 0.0, 0.0, 1.0, 1.0, 1.0, 0.0, 0.0, 0.0, 0.0, 0, 0, 1, 1, 1, 0, 1, 0, 1, 0, 1, 0, 1, 1, 1, 0, 0, 1, 0, 0, 1
103, 0, 4.080, 0.88, 1, 0.70, 0.00, 2.61, 0.77, 0.00, 1.28, 0.00, 0.00, 0.00, 0.00, 0.23, 1.19, 0.77, 0.46, 0.00, 0.00, 0.00, 1.0, 1.0, 1.0, 1.0, 0.0, 1.0, 0.0, 0.0, 0.0, 0.0, 0.0, 1.0, 1.0, 1.0, 0.0, 0.0, 0.0, 0.0, 0, 0, 1, 1, 1, 0, 1, 0, 1, 0, 1, 0, 1, 1, 1, 0, 0, 1, 0, 0, 1
104, 0, 4.120, 0.88, 1, 0.54, 0.00, 2.50, 0.64, 0.00, 1.68, 0.00, 0.00, 0.00, 0.00, 0.29, 1.33, 0.84, 0.12, 0.00, 0.00, 0.00, 1.0, 1.0, 1.0, 1.0, 0.0, 1.0, 0.0, 0.0, 0.0, 0.0, 0.0, 1.0, 1.0, 0.0, 0.0, 0.0, 0.0, 0.0, 0, 0, 1, 1, 1, 0, 1, 0, 1, 0, 1, 0, 1, 1, 1, 0, 0, 1, 0, 0, 1
105, 0, 4.160, 0.88, 1, 0.48, 0.00, 2.40, 0.52, 0.00, 1.06, 0.00, 0.00, 0.00, 0.00, 0.33, 1.27, 0.63, 0.24, 0.00, 0.00, 0.00, 1.0, 1.0, 1.0, 1.0, 0.0, 1.0, 0.0, 0.0, 0.0, 0.0, 0.0, 1.0, 1.0, 1.0, 0.0, 0.0, 0.0, 0.0, 0, 0, 1, 1, 1, 0, 1, 0, 1, 0, 1, 0, 1, 1, 1, 0, 0, 1, 0, 0, 1
106, 0, 4.200, 0.88, 1, 0.57, 0.00, 2.64, 0.52, 0.00, 1.35, 0.04, 0.00, 0.00, 0.00, 0.14, 1.20, 0.43, 0.14, 0.00, 0.00, 0.00, 1.0, 1.0, 1.0, 1.0, 0.0, 1.0, 0.0, 0.0, 0.0, 0.0, 0.0, 1.0, 1.0, 0.0, 0.0, 0.0, 0.0, 0.0, 0, 0, 1, 1, 1, 0, 1, 0, 1, 0, 1, 0, 1, 1, 1, 0, 0, 1, 0, 0, 1
107, 0, 4.240, 0.88, 1, 0.74, 0.00, 2.57, 0.72, 0.00, 1.65, 0.00, 0.00, 0.00, 0.00, 0.29, 1.29, 0.61, 0.07, 0.00, 0.00, 0.00, 1.0, 1.0, 1.0, 1.0, 0.0, 1.0, 0.0, 0.0, 0.0, 0.0, 0.0, 1.0, 1.0, 0.0, 0.0, 0.0, 0.0, 0.0, 0, 0, 1, 1, 1, 0, 1, 0, 1, 0, 1, 0, 1, 1, 1, 0, 0, 1, 0, 0, 1
108, 0, 4.280, 0.88, 1, 0.77, 0.00, 2.76, 0.48, 0.00, 1.52, 0.01, 0.00, 0.00, 0.00, 0.42, 1.41, 0.85, 0.06, 0.00, 0.00, 0.00, 1.0, 1.0, 1.0, 1.0, 0.0, 1.0, 0.0, 0.0, 0.0, 0.0, 0.0, 1.0, 1.0, 0.0, 0.0, 0.0, 0.0, 0.0, 0, 0, 1, 1, 1, 0, 1, 0, 1, 0, 1, 0, 1, 1, 1, 0, 0, 1, 0, 0, 1
109, 0, 4.320, 0.88, 1, 1.00, 0.00, 2.50, 0.99, 0.00, 2.10, 0.51, 0.00, 0.00, 0.00, 0.42, 1.39, 0.64, 0.10, 0.00, 0.00, 0.00, 1.0, 1.0, 1.0, 1.0, 0.0, 1.0, 0.0, 0.0, 0.0, 0.0, 0.0, 1.0, 1.0, 0.0, 0.0, 0.0, 0.0, 0.0, 0, 0, 1, 1, 1, 0, 1, 0, 1, 0, 1, 0, 1, 1, 1, 0, 0, 1, 0, 0, 1
110, 0, 4.360, 0.88, 1, 0.88, 0.00, 2.58, 1.24, 0.00, 2.08, 0.63, 0.00, 0.00, 0.00, 0.19, 1.33, 0.84, 0.00, 0.00, 0.00, 0.00, 1.0, 1.0, 1.0, 1.0, 0.0, 1.0, 0.0, 0.0, 0.0, 0.0, 0.0, 1.0, 1.0, 0.0, 0.0, 0.0, 0.0, 0.0, 0, 0, 1, 1, 1, 0, 1, 0, 1, 0, 1, 0, 1, 1, 1, 0, 0, 1, 0, 0, 1
111, 0, 4.400, 0.88, 1, 0.95, 0.00, 2.52, 0.90, 0.00, 2.46, 0.42, 0.00, 0.00, 0.00, 0.12, 1.15, 0.72, 0.08, 0.00, 0.00, 0.00, 1.0, 1.0, 1.0, 1.0, 0.0, 1.0, 0.0, 0.0, 0.0, 0.0, 0.0, 1.0, 1.0, 0.0, 0.0, 0.0, 0.0, 0.0, 0, 0, 1, 1, 1, 0, 1, 0, 1, 0, 1, 0, 1, 1, 1, 0, 0, 1, 0, 0, 1
112, 0, 4.440, 0.88, 1, 1.24, 0.00, 2.48, 1.09, 0.00, 2.73, 0.36, 0.00, 0.00, 0.00, 0.01, 1.36, 0.76, 0.00, 0.00, 0.00, 0.00, 1.0, 1.0, 1.0, 1.0, 0.0, 1.0, 0.0, 0.0, 0.0, 0.0, 0.0, 1.0, 1.0, 0.0, 0.0, 0.0, 0.0, 0.0, 0, 0, 1, 1, 1, 0, 1, 0, 1, 0, 1, 0, 1, 1, 1, 0, 0, 1, 0, 0, 1
113, 0, 4.480, 0.88, 1, 1.26, 0.00, 2.40, 0.59, 0.00, 2.48, 0.30, 0.00, 0.00, 0.00, 0.00, 1.43, 0.82, 0.00, 0.00, 0.00, 0.00, 1.0, 1.0, 1.0, 1.0, 0.0, 1.0, 0.0, 0.0, 0.0, 0.0, 0.0, 1.0, 1.0, 0.0, 0.0, 0.0, 0.0, 0.0, 0, 0, 1, 1, 1, 0, 1, 0, 1, 0, 1, 0, 1, 1, 1, 0, 0, 1, 0, 0, 1
114, 0, 4.520, 0.88, 1, 1.30, 0.00, 2.12, 0.98, 0.00, 2.54, 0.14, 0.00, 0.00, 0.00, 0.00, 1.68, 0.69, 0.00, 0.00, 0.00, 0.00, 1.0, 1.0, 1.0, 1.0, 0.0, 1.0, 0.0, 0.0, 0.0, 0.0, 0.0, 1.0, 1.0, 0.0, 0.0, 0.0, 0.0, 0.0, 0, 0, 1, 1, 1, 0, 1, 0, 1, 0, 1, 0, 1, 1, 1, 0, 0, 1, 0, 0, 1
115, 0, 4.560, 0.88, 1, 1.29, 0.00, 1.77, 0.53, 0.00, 2.29, 0.00, 0.00, 0.00, 0.00, 0.00, 1.46, 0.92, 0.00, 0.00, 0.00, 0.00, 1.0, 1.0, 1.0, 1.0, 0.0, 1.0, 0.0, 0.0, 0.0, 0.0, 0.0, 1.0, 1.0, 0.0, 0.0, 0.0, 0.0, 0.0, 0, 0, 1, 1, 1, 0, 1, 0, 1, 0, 1, 0, 1, 1, 1, 0, 0, 1, 0, 0, 1
116, 0, 4.600, 0.88, 1, 1.32, 0.00, 1.90, 0.80, 0.00, 2.20, 0.00, 0.00, 0.00, 0.00, 0.00, 1.50, 0.68, 0.00, 0.00, 0.00, 0.00, 1.0, 1.0, 1.0, 1.0, 0.0, 1.0, 0.0, 0.0, 0.0, 0.0, 0.0, 1.0, 1.0, 0.0, 0.0, 0.0, 0.0, 0.0, 0, 0, 1, 1, 1, 0, 1, 0, 1, 0, 1, 0, 1, 1, 1, 0, 0, 1, 0, 0, 1
117, 0, 4.640, 0.88, 1, 1.10, 0.00, 1.75, 0.86, 0.00, 2.07, 0.00, 0.00, 0.00, 0.00, 0.00, 1.50, 0.90, 0.01, 0.00, 0.00, 0.00, 1.0, 1.0, 1.0, 1.0, 0.0, 1.0, 0.0, 0.0, 0.0, 0.0, 0.0, 1.0, 1.0, 0.0, 0.0, 0.0, 0.0, 0.0, 0, 0, 1, 1, 1, 0, 1, 0, 1, 0, 1, 0, 1, 1, 1, 0, 0, 1, 0, 0, 1
118, 0, 4.680, 0.88, 1, 1.10, 0.00, 1.72, 0.32, 0.00, 2.30, 0.00, 0.00, 0.00, 0.00, 0.00, 1.66, 1.11, 0.00, 0.00, 0.00, 0.00, 1.0, 1.0, 1.0, 1.0, 0.0, 1.0, 0.0, 0.0, 0.0, 0.0, 0.0, 1.0, 1.0, 0.0, 0.0, 0.0, 0.0, 0.0, 0, 0, 1, 1, 1, 0, 1, 0, 1, 0, 1, 0, 1, 1, 1, 0, 0, 1, 0, 0, 1
119, 0, 4.720, 0.88, 1, 0.99, 0.00, 1.52, 0.06, 0.00, 1.85, 0.00, 0.00, 0.00, 0.00, 0.00, 1.68, 0.87, 0.00, 0.00, 0.00, 0.00, 1.0, 1.0, 1.0, 1.0, 0.0, 1.0, 0.0, 0.0, 0.0, 0.0, 0.0, 1.0, 1.0, 0.0, 0.0, 0.0, 0.0, 0.0, 0, 0, 1, 1, 1, 0, 1, 0, 1, 0, 1, 0, 1, 1, 1, 0, 0, 1, 0, 0, 1
120, 0, 4.760, 0.88, 1, 1.16, 0.00, 1.49, 0.53, 0.00, 1.93, 0.00, 0.00, 0.00, 0.00, 0.00, 1.48, 0.86, 0.00, 0.00, 0.00, 0.00, 1.0, 1.0, 1.0, 1.0, 0.0, 1.0, 0.0, 0.0, 0.0, 0.0, 0.0, 1.0, 1.0, 0.0, 0.0, 0.0, 0.0, 0.0, 0, 0, 1, 1, 1, 0, 1, 0, 1, 0, 1, 0, 1, 1, 1, 0, 0, 1, 0, 0, 1
121, 0, 4.800, 0.88, 1, 1.16, 0.00, 1.17, 0.35, 0.00, 1.30, 0.00, 0.00, 0.00, 0.00, 0.00, 1.73, 0.93, 0.00, 0.00, 0.00, 0.00, 1.0, 1.0, 1.0, 1.0, 0.0, 1.0, 0.0, 0.0, 0.0, 0.0, 0.0, 1.0, 1.0, 0.0, 0.0, 0.0, 0.0, 0.0, 0, 0, 1, 1, 1, 0, 1, 0, 1, 0, 1, 0, 1, 1, 1, 0, 0, 1, 0, 0, 1
122, 0, 4.840, 0.88, 1, 1.07, 0.00, 1.48, 0.45, 0.00, 1.57, 0.00, 0.00, 0.00, 0.00, 0.00, 1.50, 0.76, 0.00, 0.00, 0.00, 0.00, 1.0, 1.0, 1.0, 1.0, 0.0, 1.0, 0.0, 0.0, 0.0, 0.0, 0.0, 1.0, 1.0, 0.0, 0.0, 0.0, 0.0, 0.0, 0, 0, 1, 1, 1, 0, 1, 0, 1, 0, 1, 0, 1, 1, 1, 0, 0, 1, 0, 0, 1
123, 0, 4.880, 0.88, 1, 1.29, 0.00, 1.39, 0.30, 0.00, 0.85, 0.00, 0.00, 0.00, 0.00, 0.00, 1.31, 0.94, 0.00, 0.00, 0.00, 0.00, 1.0, 1.0, 1.0, 0.0, 0.0, 1.0, 0.0, 0.0, 0.0, 0.0, 0.0, 1.0, 1.0, 0.0, 0.0, 0.0, 0.0, 0.0, 0, 0, 1, 1, 1, 0, 1, 0, 1, 0, 1, 0, 1, 1, 1, 0, 0, 1, 0, 0, 1
124, 0, 4.920, 0.88, 1, 1.41, 0.00, 1.29, 0.45, 0.00, 0.38, 0.00, 0.00, 0.00, 0.00, 0.00, 1.24, 0.87, 0.00, 0.00, 0.00, 0.00, 1.0, 1.0, 1.0, 1.0, 0.0, 1.0, 0.0, 0.0, 0.0, 0.0, 0.0, 1.0, 1.0, 0.0, 0.0, 0.0, 0.0, 0.0, 0, 0, 1, 1, 1, 0, 1, 0, 1, 0, 1, 0, 1, 1, 1, 0, 0, 1, 0, 0, 1
125, 0, 4.960, 0.88, 1, 1.33, 0.00, 1.22, 0.40, 0.00, 0.33, 0.00, 0.00, 0.00, 0.00, 0.06, 0.99, 0.75, 0.00, 0.00, 0.00, 0.02, 1.0, 1.0, 1.0, 1.0, 0.0, 1.0, 0.0, 0.0, 0.0, 0.0, 0.0, 1.0, 1.0, 0.0, 0.0, 0.0, 0.0, 0.0, 0, 0, 1, 1, 1, 0, 1, 0, 1, 0, 1, 0, 1, 1, 1, 0, 0, 1, 0, 0, 1
126, 0, 5.000, 0.88, 1, 1.31, 0.00, 1.40, 0.51, 0.00, 0.81, 0.09, 0.00, 0.00, 0.00, 0.00, 1.25, 0.90, 0.00, 0.00, 0.00, 0.12, 1.0, 1.0, 1.0, 0.0, 0.0, 1.0, 0.0, 0.0, 0.0, 0.0, 0.0, 1.0, 1.0, 0.0, 0.0, 0.0, 0.0, 0.0, 0, 0, 1, 1, 1, 0, 1, 0, 1, 0, 1, 0, 1, 1, 1, 0, 0, 1, 0, 0, 1
127, 0, 5.040, 0.88, 1, 1.23, 0.00, 1.33, 0.67, 0.00, 0.77, 0.09, 0.00, 0.00, 0.00, 0.04, 1.24, 0.78, 0.00, 0.00, 0.00, 0.09, 1.0, 1.0, 1.0, 1.0, 0.0, 1.0, 0.0, 0.0, 0.0, 0.0, 0.0, 1.0, 1.0, 0.0, 0.0, 0.0, 0.0, 0.0, 0, 0, 1, 1, 1, 0, 1, 0, 1, 0, 1, 0, 1, 1, 1, 0, 0, 1, 0, 0, 1
128, 0, 5.080, 0.88, 1, 1.16, 0.00, 1.36, 0.66, 0.00, 0.68, 0.29, 0.00, 0.00, 0.00, 0.03, 1.27, 1.02, 0.00, 0.00, 0.00, 0.00, 1.0, 1.0, 1.0, 1.0, 0.0, 1.0, 0.0, 0.0, 0.0, 0.0, 0.0, 1.0, 1.0, 0.0, 0.0, 0.0, 0.0, 0.0, 0, 0, 1, 1, 1, 0, 1, 0, 1, 0, 1, 0, 1, 1, 1, 0, 0, 1, 0, 0, 1
129, 0, 5.120, 0.88, 1, 1.03, 0.00, 1.37, 0.75, 0.00, 1.13, 0.21, 0.00, 0.00, 0.00, 0.03, 1.18, 1.34, 0.00, 0.00, 0.00, 0.17, 1.0, 1.0, 1.0, 1.0, 0.0, 1.0, 0.0, 0.0, 0.0, 0.0, 0.0, 1.0, 1.0, 0.0, 0.0, 0.0, 0.0, 0.0, 0, 0, 1, 1, 1, 0, 1, 0, 1, 0, 1, 0, 1, 1, 1, 0, 0, 1, 0, 0, 1
130, 0, 5.160, 0.88, 1, 1.03, 0.00, 1.48, 0.60, 0.00, 1.43, 0.29, 0.00, 0.00, 0.00, 0.03, 1.38, 1.10, 0.00, 0.00, 0.00, 0.07, 1.0, 1.0, 1.0, 1.0, 0.0, 1.0, 0.0, 0.0, 0.0, 0.0, 0.0, 1.0, 1.0, 0.0, 0.0, 0.0, 0.0, 0.0, 0, 0, 1, 1, 1, 0, 1, 0, 1, 0, 1, 0, 1, 1, 1, 0, 0, 1, 0, 0, 1
131, 0, 5.200, 0.88, 1, 1.08, 0.00, 1.42, 0.22, 0.00, 1.66, 0.27, 0.00, 0.00, 0.00, 0.12, 1.40, 1.38, 0.00, 0.00, 0.00, 0.05, 1.0, 1.0, 1.0, 1.0, 0.0, 1.0, 0.0, 0.0, 0.0, 0.0, 0.0, 1.0, 1.0, 0.0, 0.0, 0.0, 0.0, 0.0, 0, 0, 1, 1, 1, 0, 1, 0, 1, 0, 1, 0, 1, 1, 1, 0, 0, 1, 0, 0, 1
132, 0, 5.240, 0.88, 1, 1.04, 0.00, 1.42, 0.37, 0.00, 1.27, 0.01, 0.00, 0.00, 0.00, 0.06, 1.35, 1.34, 0.00, 0.00, 0.00, 0.14, 1.0, 1.0, 1.0, 0.0, 0.0, 1.0, 0.0, 0.0, 0.0, 0.0, 0.0, 1.0, 1.0, 0.0, 0.0, 0.0, 0.0, 0.0, 0, 0, 1, 1, 1, 0, 1, 0, 1, 0, 1, 0, 1, 1, 1, 0, 0, 1, 0, 0, 1
133, 0, 5.280, 0.88, 1, 0.84, 0.00, 1.50, 0.81, 0.00, 1.41, 0.19, 0.00, 0.00, 0.00, 0.00, 1.38, 1.16, 0.02, 0.00, 0.00, 0.00, 1.0, 1.0, 1.0, 1.0, 0.0, 1.0, 0.0, 0.0, 0.0, 0.0, 0.0, 1.0, 1.0, 1.0, 0.0, 0.0, 0.0, 0.0, 0, 0, 1, 1, 1, 0, 1, 0, 1, 0, 1, 0, 1, 1, 1, 0, 0, 1, 0, 0, 1
134, 0, 5.320, 0.88, 1, 0.91, 0.00, 1.51, 0.00, 0.00, 0.72, 0.08, 0.00, 0.00, 0.00, 0.14, 1.47, 1.40, 0.11, 0.00, 0.00, 0.00, 1.0, 1.0, 1.0, 0.0, 0.0, 1.0, 0.0, 0.0, 0.0, 0.0, 0.0, 1.0, 1.0, 1.0, 0.0, 0.0, 0.0, 0.0, 0, 0, 1, 1, 1, 0, 1, 0, 1, 0, 1, 0, 1, 1, 1, 0, 0, 1, 0, 0, 1
135, 0, 5.360, 0.88, 1, 1.12, 0.00, 1.52, 0.92, 0.00, 1.33, 0.10, 0.00, 0.00, 0.00, 0.07, 1.46, 1.18, 0.00, 0.00, 0.00, 0.00, 1.0, 1.0, 1.0, 1.0, 0.0, 1.0, 0.0, 0.0, 0.0, 0.0, 0.0, 1.0, 1.0, 0.0, 0.0, 0.0, 0.0, 0.0, 0, 0, 1, 1, 1, 0, 1, 0, 1, 0, 1, 0, 1, 1, 1, 0, 0, 1, 0, 0, 1
136, 0, 5.400, 0.88, 1, 1.36, 0.00, 1.75, 0.81, 0.00, 1.39, 0.09, 0.00, 0.00, 0.00, 0.19, 1.27, 0.87, 0.05, 0.00, 0.00, 0.00, 1.0, 1.0, 1.0, 1.0, 0.0, 1.0, 0.0, 0.0, 0.0, 0.0, 0.0, 1.0, 1.0, 1.0, 0.0, 0.0, 0.0, 0.0, 0, 0, 1, 1, 1, 0, 1, 0, 1, 0, 1, 0, 1, 1, 1, 0, 0, 1, 0, 0, 1
137, 0, 5.440, 0.88, 1, 1.46, 0.00, 1.69, 0.69, 0.00, 0.96, 0.00, 0.00, 0.00, 0.00, 0.17, 1.26, 0.91, 0.00, 0.00, 0.00, 0.00, 1.0, 1.0, 1.0, 1.0, 0.0, 1.0, 0.0, 0.0, 0.0, 0.0, 0.0, 1.0, 1.0, 0.0, 0.0, 0.0, 0.0, 0.0, 0, 0, 1, 1, 1, 0, 1, 0, 1, 0, 1, 0, 1, 1, 1, 0, 0, 1, 0, 0, 1
138, 0, 5.480, 0.88, 1, 1.42, 0.00, 1.24, 1.16, 0.00, 0.72, 0.11, 0.00, 0.00, 0.00, 0.22, 1.32, 0.93, 0.00, 0.00, 0.00, 0.00, 1.0, 1.0, 1.0, 1.0, 0.0, 1.0, 0.0, 0.0, 0.0, 0.0, 0.0, 1.0, 1.0, 1.0, 0.0, 0.0, 0.0, 0.0, 0, 0, 1, 1, 1, 0, 1, 0, 1, 0, 1, 0, 1, 1, 1, 0, 0, 1, 0, 0, 1
139, 0, 5.520, 0.88, 1, 1.35, 0.00, 1.26, 1.23, 0.00, 1.24, 0.24, 0.00, 0.00, 0.00, 0.00, 1.10, 0.99, 0.00, 0.00, 0.00, 0.00, 1.0, 1.0, 1.0, 1.0, 0.0, 1.0, 0.0, 0.0, 0.0, 0.0, 0.0, 1.0, 1.0, 1.0, 0.0, 0.0, 0.0, 0.0, 0, 0, 1, 1, 1, 0, 1, 0, 1, 0, 1, 0, 1, 1, 1, 0, 0, 1, 0, 0, 1
140, 0, 5.560, 0.88, 1, 1.41, 0.00, 1.28, 1.25, 0.00, 0.51, 0.10, 0.00, 0.00, 0.00, 0.05, 1.15, 1.04, 0.00, 0.00, 0.00, 0.11, 1.0, 1.0, 1.0, 1.0, 0.0, 1.0, 0.0, 0.0, 0.0, 0.0, 0.0, 1.0, 1.0, 0.0, 0.0, 0.0, 0.0, 0.0, 0, 0, 1, 1, 1, 0, 1, 0, 1, 0, 1, 0, 1, 1, 1, 0, 0, 1, 0, 0, 1
141, 0, 5.600, 0.88, 1, 1.35, 0.00, 1.49, 1.21, 0.00, 0.89, 0.32, 0.00, 0.00, 0.00, 0.00, 1.03, 0.87, 0.00, 0.00, 0.00, 0.05, 1.0, 1.0, 1.0, 1.0, 0.0, 1.0, 0.0, 0.0, 0.0, 0.0, 0.0, 1.0, 1.0, 0.0, 0.0, 0.0, 0.0, 0.0, 0, 0, 1, 1, 1, 0, 1, 0, 1, 0, 1, 0, 1, 1, 1, 0, 0, 1, 0, 0, 1
142, 0, 5.640, 0.88, 1, 1.38, 0.00, 1.12, 1.33, 0.00, 0.81, 0.11, 0.00, 0.00, 0.00, 0.00, 1.07, 0.75, 0.00, 0.00, 0.00, 0.19, 1.0, 1.0, 1.0, 1.0, 0.0, 1.0, 0.0, 0.0, 0.0, 0.0, 0.0, 1.0, 1.0, 0.0, 0.0, 0.0, 0.0, 0.0, 0, 0, 1, 1, 1, 0, 1, 0, 1, 0, 1, 0, 1, 1, 1, 0, 0, 1, 0, 0, 1
143, 0, 5.680, 0.88, 1, 1.45, 0.00, 1.08, 1.33, 0.00, 0.70, 0.25, 0.00, 0.00, 0.00, 0.00, 1.17, 0.84, 0.00, 0.00, 0.00, 0.14, 1.0, 1.0, 1.0, 1.0, 0.0, 1.0, 0.0, 0.0, 0.0, 0.0, 0.0, 1.0, 1.0, 0.0, 0.0, 0.0, 0.0, 0.0, 0, 0, 1, 1, 1, 0, 1, 0, 1, 0, 1, 0, 1, 1, 1, 0, 0, 1, 0, 0, 1
144, 0, 5.720, 0.88, 1, 1.47, 0.00, 1.11, 1.30, 0.00, 0.71, 0.00, 0.00, 0.00, 0.00, 0.00, 1.00, 0.75, 0.00, 0.00, 0.00, 0.03, 1.0, 1.0, 1.0, 1.0, 0.0, 1.0, 0.0, 0.0, 0.0, 0.0, 0.0, 1.0, 1.0, 0.0, 0.0, 0.0, 0.0, 0.0, 0, 0, 1, 1, 1, 0, 1, 0, 1, 0, 1, 0, 1, 1, 1, 0, 0, 1, 0, 0, 1
145, 0, 5.760, 0.88, 1, 1.08, 0.00, 1.38, 0.60, 0.00, 1.46, 0.00, 0.00, 0.00, 0.00, 0.00, 1.00, 0.76, 0.00, 0.00, 0.00, 0.00, 1.0, 1.0, 1.0, 1.0, 0.0, 1.0, 0.0, 0.0, 0.0, 0.0, 0.0, 1.0, 1.0, 0.0, 0.0, 0.0, 0.0, 0.0, 0, 0, 1, 1, 1, 0, 1, 0, 1, 0, 1, 0, 1, 1, 1, 0, 0, 1, 0, 0, 1
146, 0, 5.800, 0.88, 1, 1.10, 0.00, 1.38, 0.61, 0.00, 0.86, 0.00, 0.00, 0.00, 0.00, 0.00, 1.02, 0.73, 0.00, 0.00, 0.00, 0.00, 1.0, 1.0, 1.0, 1.0, 0.0, 1.0, 0.0, 0.0, 0.0, 0.0, 0.0, 1.0, 1.0, 0.0, 0.0, 0.0, 0.0, 0.0, 0, 0, 1, 1, 1, 0, 1, 0, 1, 0, 1, 0, 1, 1, 1, 0, 0, 1, 0, 0, 1
147, 0, 5.840, 0.88, 1, 1.14, 0.00, 1.24, 0.55, 0.00, 0.44, 0.00, 0.00, 0.00, 0.00, 0.00, 1.32, 0.87, 0.00, 0.00, 0.00, 0.00, 1.0, 1.0, 1.0, 1.0, 0.0, 1.0, 0.0, 0.0, 0.0, 0.0, 0.0, 1.0, 1.0, 0.0, 0.0, 0.0, 0.0, 0.0, 0, 0, 1, 1, 1, 0, 1, 0, 1, 0, 1, 0, 1, 1, 1, 0, 0, 1, 0, 0, 1
148, 0, 5.880, 0.93, 1, 0.86, 0.00, 0.93, 0.53, 0.00, 0.55, 0.00, 0.00, 0.00, 0.00, 0.00, 1.25, 0.91, 0.00, 0.00, 0.00, 0.00, 1.0, 1.0, 1.0, 1.0, 0.0, 1.0, 0.0, 0.0, 0.0, 0.0, 0.0, 1.0, 1.0, 0.0, 0.0, 0.0, 0.0, 0.0, 0, 0, 1, 1, 1, 0, 1, 0, 1, 0, 1, 0, 1, 1, 1, 0, 0, 1, 0, 0, 1
149, 0, 5.920, 0.88, 1, 1.01, 0.00, 1.25, 0.48, 0.00, 1.14, 0.00, 0.00, 0.00, 0.00, 0.00, 1.19, 0.56, 0.00, 0.00, 0.00, 0.00, 1.0, 1.0, 1.0, 1.0, 0.0, 1.0, 0.0, 0.0, 0.0, 0.0, 0.0, 1.0, 1.0, 0.0, 0.0, 0.0, 0.0, 0.0, 0, 0, 1, 1, 1, 0, 1, 0, 1, 0, 1, 0, 1, 1, 1, 0, 0, 1, 0, 0, 1
150, 0, 5.960, 0.88, 1, 1.09, 0.00, 1.14, 0.31, 0.00, 0.96, 0.00, 0.00, 0.00, 0.00, 0.00, 1.06, 0.73, 0.00, 0.00, 0.00, 0.00, 1.0, 1.0, 1.0, 1.0, 0.0, 1.0, 0.0, 0.0, 0.0, 0.0, 0.0, 1.0, 1.0, 0.0, 0.0, 0.0, 0.0, 0.0, 0, 0, 1, 1, 1, 0, 1, 0, 1, 0, 1, 0, 1, 1, 1, 0, 0, 1, 0, 0, 1
151, 0, 6.000, 0.88, 1, 1.33, 0.00, 1.35, 0.53, 0.00, 1.21, 0.00, 0.00, 0.00, 0.00, 0.00, 1.35, 0.78, 0.00, 0.00, 0.00, 0.00, 1.0, 1.0, 1.0, 1.0, 0.0, 1.0, 0.0, 0.0, 0.0, 0.0, 0.0, 1.0, 1.0, 0.0, 0.0, 0.0, 0.0, 0.0, 0, 0, 1, 1, 1, 0, 1, 0, 1, 0, 1, 0, 1, 1, 1, 0, 0, 1, 0, 0, 1
152, 0, 6.040, 0.88, 1, 1.13, 0.00, 1.18, 0.84, 0.00, 1.41, 0.00, 0.00, 0.00, 0.00, 0.00, 1.28, 0.42, 0.00, 0.00, 0.00, 0.00, 1.0, 1.0, 1.0, 1.0, 0.0, 1.0, 0.0, 0.0, 0.0, 0.0, 0.0, 1.0, 1.0, 0.0, 0.0, 0.0, 0.0, 0.0, 0, 0, 1, 1, 1, 0, 1, 0, 1, 0, 1, 0, 1, 1, 1, 0, 0, 1, 0, 0, 1
153, 0, 6.080, 0.88, 1, 1.00, 0.00, 1.32, 0.59, 0.00, 1.12, 0.00, 0.00, 0.00, 0.00, 0.00, 1.27, 0.33, 0.00, 0.00, 0.00, 0.00, 1.0, 1.0, 1.0, 1.0, 0.0, 1.0, 0.0, 0.0, 0.0, 0.0, 0.0, 1.0, 1.0, 0.0, 0.0, 0.0, 0.0, 0.0, 0, 0, 1, 1, 1, 0, 1, 0, 1, 0, 1, 0, 1, 1, 1, 0, 0, 1, 0, 0, 1
154, 0, 6.120, 0.82, 1, 1.12, 0.00, 1.13, 0.58, 0.00, 1.21, 0.00, 0.00, 0.00, 0.00, 0.00, 1.17, 0.60, 0.00, 0.00, 0.00, 0.00, 1.0, 1.0, 1.0, 1.0, 0.0, 1.0, 0.0, 0.0, 0.0, 0.0, 0.0, 1.0, 1.0, 0.0, 0.0, 0.0, 0.0, 0.0, 0, 0, 1, 1, 1, 0, 1, 0, 1, 0, 1, 0, 1, 1, 1, 0, 0, 1, 0, 0, 1
155, 0, 6.160, 0.03, 0, 1.03, 0.00, 1.06, 0.21, 0.00, 1.64, 0.00, 0.00, 0.00, 0.00, 0.00, 1.33, 0.54, 0.00, 0.00, 0.00, 0.00, 1.0, 1.0, 1.0, 1.0, 0.0, 1.0, 0.0, 0.0, 0.0, 0.0, 0.0, 1.0, 1.0, 0.0, 0.0, 0.0, 0.0, 0.0, 0, 0, 1, 1, 1, 0, 1, 0, 1, 0, 1, 0, 1, 1, 1, 0, 0, 1, 0, 0, 1
156, 0, 6.200, 0.88, 1, 0.00, 0.00, 0.23, 0.00, 0.00, 1.78, 0.00, 0.00, 0.00, 0.00, 0.00, 2.04, 0.55, 0.04, 0.00, 0.00, 0.00, 1.0, 1.0, 1.0, 1.0, 0.0, 1.0, 0.0, 0.0, 0.0, 0.0, 0.0, 1.0, 1.0, 0.0, 0.0, 0.0, 0.0, 1.0, 0, 0, 1, 1, 1, 0, 1, 0, 1, 0, 1, 0, 1, 1, 1, 0, 0, 1, 0, 0, 1
157, 0, 6.240, 0.88, 1, 0.00, 0.00, 0.63, 0.00, 0.00, 1.78, 0.00, 0.00, 0.00, 0.00, 0.00, 1.91, 0.22, 0.00, 0.00, 0.00, 0.00, 1.0, 1.0, 1.0, 0.0, 0.0, 1.0, 0.0, 0.0, 0.0, 0.0, 0.0, 1.0, 1.0, 0.0, 0.0, 0.0, 0.0, 1.0, 0, 0, 1, 1, 1, 0, 1, 0, 1, 0, 1, 0, 1, 1, 1, 0, 0, 1, 0, 0, 1
158, 0, 6.280, 0.88, 1, 0.00, 0.00, 0.51, 0.00, 0.00, 1.64, 0.00, 0.00, 0.00, 0.00, 0.00, 1.95, 0.11, 0.00, 0.00, 0.00, 0.00, 1.0, 1.0, 1.0, 1.0, 0.0, 1.0, 0.0, 0.0, 0.0, 0.0, 0.0, 1.0, 1.0, 0.0, 0.0, 0.0, 0.0, 1.0, 0, 0, 1, 1, 1, 0, 1, 0, 1, 0, 1, 0, 1, 1, 1, 0, 0, 1, 0, 0, 1
159, 0, 6.320, 0.88, 1, 0.00, 0.00, 0.40, 0.00, 0.00, 2.05, 0.00, 0.00, 0.00, 0.00, 0.00, 2.13, 0.36, 0.00, 0.00, 0.00, 0.00, 1.0, 1.0, 1.0, 1.0, 0.0, 1.0, 0.0, 0.0, 0.0, 0.0, 0.0, 1.0, 1.0, 0.0, 0.0, 0.0, 0.0, 1.0, 0, 0, 1, 1, 1, 0, 1, 0, 1, 0, 1, 0, 1, 1, 1, 0, 0, 1, 0, 0, 1
160, 0, 6.360, 0.88, 1, 0.00, 0.00, 0.46, 0.00, 0.00, 2.05, 0.00, 0.00, 0.00, 0.00, 0.00, 2.03, 0.28, 0.00, 0.00, 0.00, 0.00, 1.0, 1.0, 1.0, 1.0, 0.0, 1.0, 0.0, 0.0, 0.0, 0.0, 0.0, 1.0, 1.0, 0.0, 0.0, 0.0, 0.0, 0.0, 0, 0, 1, 1, 1, 0, 1, 0, 1, 0, 1, 0, 1, 1, 1, 0, 0, 1, 0, 0, 1
161, 0, 6.400, 0.88, 1, 0.00, 0.00, 0.38, 0.12, 0.00, 1.53, 0.00, 0.00, 0.00, 0.00, 0.00, 1.94, 0.18, 0.00, 0.00, 0.00, 0.00, 1.0, 1.0, 1.0, 1.0, 0.0, 1.0, 0.0, 0.0, 0.0, 0.0, 0.0, 1.0, 1.0, 0.0, 0.0, 0.0, 0.0, 0.0, 0, 0, 1, 1, 1, 0, 1, 0, 1, 0, 1, 0, 1, 1, 1, 0, 0, 1, 0, 0, 1
162, 0, 6.440, 0.88, 1, 0.00, 0.00, 0.13, 0.00, 0.00, 1.02, 0.00, 0.00, 0.00, 0.00, 0.00, 2.10, 0.33, 0.00, 0.00, 0.00, 0.00, 1.0, 1.0, 1.0, 1.0, 0.0, 1.0, 0.0, 0.0, 0.0, 0.0, 0.0, 1.0, 1.0, 0.0, 0.0, 0.0, 0.0, 0.0, 0, 0, 1, 1, 1, 0, 1, 0, 1, 0, 1, 0, 1, 1, 1, 0, 0, 1, 0, 0, 1
163, 0, 6.480, 0.88, 1, 0.00, 0.00, 0.29, 0.00, 0.00, 1.12, 0.00, 0.00, 0.00, 0.00, 0.00, 1.91, 0.30, 0.00, 0.00, 0.00, 0.00, 1.0, 1.0, 1.0, 1.0, 0.0, 1.0, 0.0, 0.0, 0.0, 0.0, 0.0, 1.0, 1.0, 0.0, 0.0, 0.0, 0.0, 0.0, 0, 0, 1, 1, 1, 0, 1, 0, 1, 0, 1, 0, 1, 1, 1, 0, 0, 1, 0, 0, 1
164, 0, 6.520, 0.88, 1, 0.00, 0.00, 0.33, 0.00, 0.00, 1.68, 0.00, 0.00, 0.00, 0.00, 0.00, 1.71, 0.30, 0.00, 0.00, 0.00, 0.00, 1.0, 1.0, 1.0, 1.0, 0.0, 1.0, 0.0, 0.0, 0.0, 0.0, 0.0, 1.0, 1.0, 0.0, 0.0, 0.0, 0.0, 0.0, 0, 0, 1, 1, 1, 0, 1, 0, 1, 0, 1, 0, 1, 1, 1, 0, 0, 1, 0, 0, 1
165, 0, 6.560, 0.88, 1, 0.00, 0.00, 0.13, 0.30, 0.00, 2.12, 0.00, 0.00, 0.00, 0.00, 0.02, 1.81, 0.46, 0.00, 0.00, 0.00, 0.00, 1.0, 1.0, 1.0, 1.0, 0.0, 1.0, 0.0, 0.0, 0.0, 0.0, 0.0, 1.0, 1.0, 0.0, 0.0, 0.0, 0.0, 0.0, 0, 0, 1, 1, 1, 0, 1, 0, 1, 0, 1, 0, 1, 1, 1, 0, 0, 1, 0, 0, 1
166, 0, 6.600, 0.88, 1, 0.33, 0.00, 0.15, 0.00, 0.00, 1.75, 0.00, 0.00, 0.00, 0.00, 0.06, 1.88, 0.44, 0.00, 0.00, 0.00, 0.00, 1.0, 1.0, 1.0, 1.0, 0.0, 1.0, 0.0, 0.0, 0.0, 0.0, 0.0, 1.0, 1.0, 0.0, 0.0, 0.0, 0.0, 0.0, 0, 0, 1, 1, 1, 0, 1, 0, 1, 0, 1, 0, 1, 1, 1, 0, 0, 1, 0, 0, 1
167, 0, 6.640, 0.88, 1, 0.23, 0.00, 0.14, 0.00, 0.00, 1.39, 0.00, 0.00, 0.00, 0.00, 0.20, 2.03, 0.40, 0.00, 0.00, 0.00, 0.00, 1.0, 1.0, 1.0, 1.0, 0.0, 1.0, 0.0, 0.0, 0.0, 0.0, 0.0, 1.0, 1.0, 0.0, 0.0, 0.0, 0.0, 0.0, 0, 0, 1, 1, 1, 0, 1, 0, 1, 0, 1, 0, 1, 1, 1, 0, 0, 1, 0, 0, 1
168, 0, 6.680, 0.88, 1, 0.40, 0.00, 0.24, 0.00, 0.00, 1.33, 0.00, 0.00, 0.00, 0.00, 0.27, 2.33, 0.48, 0.00, 0.00, 0.00, 0.00, 1.0, 1.0, 1.0, 1.0, 0.0, 1.0, 0.0, 0.0, 0.0, 0.0, 0.0, 1.0, 1.0, 0.0, 0.0, 0.0, 0.0, 0.0, 0, 0, 1, 1, 1, 0, 1, 0, 1, 0, 1, 0, 1, 1, 1, 0, 0, 1, 0, 0, 1
169, 0, 6.720, 0.88, 1, 0.39, 0.00, 0.24, 0.17, 0.00, 1.39, 0.00, 0.00, 0.00, 0.00, 0.22, 2.48, 0.50, 0.00, 0.00, 0.00, 0.00, 1.0, 1.0, 1.0, 1.0, 0.0, 1.0, 0.0, 0.0, 0.0, 0.0, 0.0, 1.0, 1.0, 0.0, 0.0, 0.0, 0.0, 0.0, 0, 0, 1, 1, 1, 0, 1, 0, 1, 0, 1, 0, 1, 1, 1, 0, 0, 1, 0, 0, 1
170, 0, 6.760, 0.93, 1, 0.39, 0.00, 0.76, 0.30, 0.00, 1.20, 0.00, 0.00, 0.00, 0.00, 0.10, 2.18, 0.48, 0.00, 0.00, 0.00, 0.02, 1.0, 1.0, 1.0, 1.0, 0.0, 1.0, 0.0, 0.0, 0.0, 0.0, 0.0, 1.0, 1.0, 0.0, 0.0, 0.0, 0.0, 0.0, 0, 0, 1, 1, 1, 0, 1, 0, 1, 0, 1, 0, 1, 1, 1, 0, 0, 1, 0, 0, 1
171, 0, 6.800, 0.03, 0, 0.46, 0.00, 0.88, 0.00, 0.00, 0.88, 0.00, 0.00, 0.00, 0.00, 0.01, 2.27, 0.33, 0.00, 0.00, 0.00, 0.09, 1.0, 1.0, 1.0, 1.0, 0.0, 1.0, 0.0, 0.0, 0.0, 0.0, 0.0, 1.0, 1.0, 0.0, 0.0, 0.0, 0.0, 0.0, 0, 0, 1, 1, 1, 0, 1, 0, 1, 0, 1, 0, 1, 1, 1, 0, 0, 1, 0, 0, 1
172, 0, 6.840, 0.88, 1, 0.23, 0.00, 1.19, 0.68, 0.00, 1.76, 0.00, 0.00, 0.00, 0.00, 0.00, 2.13, 0.91, 0.00, 0.00, 0.00, 0.00, 1.0, 1.0, 1.0, 1.0, 0.0, 1.0, 0.0, 0.0, 0.0, 0.0, 0.0, 1.0, 1.0, 0.0, 0.0, 0.0, 0.0, 0.0, 0, 0, 1, 1, 1, 0, 1, 0, 1, 0, 1, 0, 1, 1, 1, 0, 0, 1, 0, 0, 1
173, 0, 6.880, 0.88, 1, 0.84, 0.00, 1.56, 0.74, 0.00, 2.19, 0.00, 0.00, 0.00, 0.00, 0.00, 1.75, 0.75, 0.00, 0.00, 0.00, 0.09, 1.0, 1.0, 1.0, 0.0, 0.0, 1.0, 0.0, 0.0, 0.0, 0.0, 0.0, 1.0, 1.0, 0.0, 0.0, 0.0, 0.0, 0.0, 0, 0, 1, 1, 1, 0, 1, 0, 1, 0, 1, 0, 1, 1, 1, 0, 0, 1, 0, 0, 1
174, 0, 6.920, 0.88, 1, 0.81, 0.00, 1.65, 1.13, 0.00, 1.93, 0.00, 0.00, 0.00, 0.00, 0.00, 1.12, 0.67, 0.00, 0.00, 0.00, 0.16, 1.0, 1.0, 1.0, 1.0, 0.0, 1.0, 0.0, 0.0, 0.0, 0.0, 0.0, 1.0, 1.0, 0.0, 0.0, 0.0, 0.0, 0.0, 0, 0, 1, 1, 1, 0, 1, 0, 1, 0, 1, 0, 1, 1, 1, 0, 0, 1, 0, 0, 1
175, 0, 6.960, 0.88, 1, 0.99, 0.00, 1.49, 0.73, 0.00, 1.39, 0.00, 0.00, 0.00, 0.00, 0.00, 1.17, 0.47, 0.00, 0.00, 0.00, 0.17, 1.0, 1.0, 1.0, 1.0, 0.0, 1.0, 0.0, 0.0, 0.0, 0.0, 0.0, 1.0, 1.0, 0.0, 0.0, 0.0, 0.0, 0.0, 0, 0, 1, 1, 1, 0, 1, 0, 1, 0, 1, 0, 1, 1, 1, 0, 0, 1, 0, 0, 1
176, 0, 7.000, 0.88, 1, 0.99, 0.00, 1.57, 0.77, 0.00, 1.08, 0.00, 0.00, 0.00, 0.00, 0.00, 1.33, 0.73, 0.00, 0.00, 0.00, 0.04, 1.0, 1.0, 1.0, 0.0, 0.0, 1.0, 0.0, 0.0, 0.0, 0.0, 0.0, 1.0, 1.0, 0.0, 0.0, 0.0, 0.0, 0.0, 0, 0, 1, 1, 1, 0, 1, 0, 1, 0, 1, 0, 1, 1, 1, 0, 0, 1, 0, 0, 1
177, 0, 7.040, 0.88, 1, 1.52, 0.00, 1.74, 0.64, 0.00, 1.06, 0.00, 0.00, 0.00, 0.00, 0.00, 1.33, 0.67, 0.00, 0.00, 0.00, 0.00, 1.0, 1.0, 1.0, 1.0, 0.0, 1.0, 0.0, 0.0, 0.0, 0.0, 0.0, 1.0, 1.0, 0.0, 0.0, 0.0, 0.0, 0.0, 0, 0, 1, 1, 1, 0, 1, 0, 1, 0, 1, 0, 1, 1, 1, 0, 0, 1, 0, 0, 1
178, 0, 7.080, 0.88, 1, 1.65, 0.00, 1.77, 0.88, 0.00, 1.16, 0.00, 0.00, 0.00, 0.00, 0.00, 1.08, 1.00, 0.00, 0.00, 0.00, 0.00, 1.0, 1.0, 1.0, 1.0, 0.0, 1.0, 0.0, 0.0, 0.0, 0.0, 0.0, 1.0, 1.0, 0.0, 0.0, 0.0, 0.0, 0.0, 0, 0, 1, 1, 1, 0, 1, 0, 1, 0, 1, 0, 1, 1, 1, 0, 0, 1, 0, 0, 1
179, 0, 7.120, 0.88, 1, 1.47, 0.00, 1.77, 0.91, 0.00, 1.05, 0.00, 0.00, 0.00, 0.00, 0.00, 1.61, 0.73, 0.00, 0.00, 0.00, 0.11, 1.0, 1.0, 1.0, 1.0, 0.0, 1.0, 0.0, 0.0, 0.0, 0.0, 0.0, 1.0, 1.0, 0.0, 0.0, 0.0, 0.0, 0.0, 0, 0, 1, 1, 1, 0, 1, 0, 1, 0, 1, 0, 1, 1, 1, 0, 0, 1, 0, 0, 1
180, 0, 7.160, 0.88, 1, 1.88, 0.00, 1.75, 0.49, 0.00, 1.62, 0.00, 0.00, 0.00, 0.00, 0.00, 1.67, 0.92, 0.00, 0.00, 0.00, 0.00, 1.0, 1.0, 1.0, 1.0, 0.0, 1.0, 0.0, 0.0, 0.0, 0.0, 0.0, 1.0, 1.0, 0.0, 0.0, 0.0, 0.0, 0.0, 0, 0, 1, 1, 1, 0, 1, 0, 1, 0, 1, 0, 1, 1, 1, 0, 0, 1, 0, 0, 1
181, 0, 7.200, 0.88, 1, 2.01, 0.11, 2.00, 0.23, 0.00, 1.45, 0.00, 0.00, 0.00, 0.00, 0.00, 1.31, 0.98, 0.00, 0.00, 0.00, 0.00, 1.0, 1.0, 1.0, 1.0, 0.0, 1.0, 0.0, 0.0, 0.0, 0.0, 0.0, 1.0, 1.0, 0.0, 0.0, 0.0, 0.0, 0.0, 0, 0, 1, 1, 1, 0, 1, 0, 1, 0, 1, 0, 1, 1, 1, 0, 0, 1, 0, 0, 1
182, 0, 7.240, 0.88, 1, 1.85, 0.00, 2.19, 0.54, 0.00, 1.79, 0.00, 0.00, 0.00, 0.00, 0.00, 1.36, 0.94, 0.00, 0.00, 0.00, 0.00, 1.0, 1.0, 1.0, 1.0, 0.0, 1.0, 0.0, 0.0, 0.0, 0.0, 0.0, 1.0, 1.0, 0.0, 0.0, 0.0, 0.0, 0.0, 0, 0, 1, 1, 1, 0, 1, 0, 1, 0, 1, 0, 1, 1, 1, 0, 0, 1, 0, 0, 1
183, 0, 7.280, 0.88, 1, 1.84, 0.00, 1.79, 0.47, 0.00, 1.23, 0.00, 0.00, 0.00, 0.00, 0.00, 1.30, 0.81, 0.00, 0.00, 0.00, 0.00, 1.0, 1.0, 1.0, 1.0, 0.0, 1.0, 0.0, 0.0, 0.0, 0.0, 0.0, 1.0, 1.0, 0.0, 0.0, 0.0, 0.0, 0.0, 0, 0, 1, 1, 1, 0, 1, 0, 1, 0, 1, 0, 1, 1, 1, 0, 0, 1, 0, 0, 1
184, 0, 7.320, 0.88, 1, 2.03, 0.00, 1.77, 0.36, 0.00, 1.32, 0.00, 0.00, 0.00, 0.00, 0.00, 1.10, 0.86, 0.00, 0.00, 0.00, 0.00, 1.0, 1.0, 1.0, 1.0, 0.0, 1.0, 0.0, 0.0, 0.0, 0.0, 0.0, 1.0, 1.0, 0.0, 0.0, 0.0, 0.0, 0.0, 0, 0, 1, 1, 1, 0, 1, 0, 1, 0, 1, 0, 1, 1, 1, 0, 0, 1, 0, 0, 1
185, 0, 7.360, 0.88, 1, 1.91, 0.00, 1.89, 0.48, 0.00, 1.06, 0.00, 0.00, 0.00, 0.00, 0.00, 0.97, 0.51, 0.00, 0.00, 0.00, 0.00, 1.0, 1.0, 1.0, 1.0, 0.0, 1.0, 0.0, 0.0, 0.0, 0.0, 0.0, 1.0, 1.0, 0.0, 0.0, 0.0, 0.0, 0.0, 0, 0, 1, 1, 1, 0, 1, 0, 1, 0, 1, 0, 1, 1, 1, 0, 0, 1, 0, 0, 1
186, 0, 7.400, 0.88, 1, 2.19, 0.00, 2.09, 0.12, 0.00, 1.39, 0.00, 0.00, 0.00, 0.00, 0.00, 0.84, 0.67, 0.00, 0.00, 0.00, 0.00, 1.0, 1.0, 1.0, 1.0, 0.0, 1.0, 0.0, 0.0, 0.0, 0.0, 0.0, 1.0, 1.0, 0.0, 0.0, 0.0, 0.0, 0.0, 0, 0, 1, 1, 1, 0, 1, 0, 1, 0, 1, 0, 1, 1, 1, 0, 0, 1, 0, 0, 1
187, 0, 7.440, 0.88, 1, 1.86, 0.00, 1.81, 0.46, 0.00, 1.50, 0.00, 0.00, 0.00, 0.00, 0.00, 0.84, 0.60, 0.00, 0.00, 0.00, 0.00, 1.0, 1.0, 1.0, 1.0, 0.0, 1.0, 0.0, 0.0, 0.0, 0.0, 0.0, 1.0, 1.0, 0.0, 0.0, 0.0, 0.0, 0.0, 0, 0, 1, 1, 1, 0, 1, 0, 1, 0, 1, 0, 1, 1, 1, 0, 0, 1, 0, 0, 1
188, 0, 7.480, 0.88, 1, 1.89, 0.00, 1.75, 0.61, 0.00, 1.66, 0.00, 0.00, 0.00, 0.00, 0.00, 0.79, 0.62, 0.00, 0.00, 0.00, 0.00, 1.0, 1.0, 1.0, 1.0, 0.0, 1.0, 0.0, 0.0, 0.0, 0.0, 0.0, 1.0, 1.0, 0.0, 0.0, 0.0, 0.0, 0.0, 0, 0, 1, 1, 1, 0, 1, 0, 1, 0, 1, 0, 1, 1, 1, 0, 0, 1, 0, 0, 1
189, 0, 7.520, 0.88, 1, 2.03, 0.01, 1.96, 0.27, 0.00, 1.92, 0.00, 0.00, 0.00, 0.00, 0.00, 0.91, 0.67, 0.00, 0.00, 0.00, 0.00, 1.0, 1.0, 1.0, 1.0, 0.0, 1.0, 0.0, 0.0, 0.0, 0.0, 0.0, 1.0, 1.0, 0.0, 0.0, 0.0, 0.0, 0.0, 0, 0, 1, 1, 1, 0, 1, 0, 1, 0, 1, 0, 1, 1, 1, 0, 0, 1, 0, 0, 1
190, 0, 7.560, 0.88, 1, 1.85, 0.00, 1.57, 0.69, 0.00, 1.97, 0.00, 0.00, 0.00, 0.00, 0.00, 1.10, 0.50, 0.00, 0.00, 0.00, 0.00, 1.0, 1.0, 1.0, 1.0, 0.0, 1.0, 0.0, 0.0, 0.0, 0.0, 0.0, 1.0, 1.0, 0.0, 0.0, 0.0, 0.0, 0.0, 0, 0, 1, 1, 1, 0, 1, 0, 1, 0, 1, 0, 1, 1, 1, 0, 0, 1, 0, 0, 1
191, 0, 7.600, 0.88, 1, 2.04, 0.00, 1.77, 0.48, 0.00, 2.46, 0.00, 0.00, 0.00, 0.00, 0.00, 1.12, 0.13, 0.00, 0.00, 0.00, 0.00, 1.0, 1.0, 1.0, 1.0, 0.0, 1.0, 0.0, 0.0, 0.0, 0.0, 0.0, 1.0, 1.0, 0.0, 0.0, 0.0, 0.0, 0.0, 0, 0, 1, 1, 1, 0, 1, 0, 1, 0, 1, 0, 1, 1, 1, 0, 0, 1, 0, 0, 1
192, 0, 7.640, 0.88, 1, 1.91, 0.00, 1.80, 1.39, 0.00, 1.71, 0.00, 0.00, 0.00, 0.00, 0.00, 1.19, 0.31, 0.00, 0.00, 0.00, 0.00, 1.0, 1.0, 1.0, 1.0, 0.0, 1.0, 0.0, 0.0, 0.0, 0.0, 0.0, 1.0, 1.0, 0.0, 0.0, 0.0, 0.0, 0.0, 0, 0, 1, 1, 1, 0, 1, 0, 1, 0, 1, 0, 1, 1, 1, 0, 0, 1, 0, 0, 1
193, 0, 7.680, 0.88, 1, 2.11, 0.14, 1.85, 1.13, 0.00, 1.04, 0.00, 0.00, 0.00, 0.00, 0.00, 0.93, 0.13, 0.00, 0.00, 0.00, 0.00, 1.0, 1.0, 1.0, 1.0, 0.0, 1.0, 0.0, 0.0, 0.0, 0.0, 0.0, 1.0, 1.0, 0.0, 0.0, 0.0, 0.0, 0.0, 0, 0, 1, 1, 1, 0, 1, 0, 1, 0, 1, 0, 1, 1, 1, 0, 0, 1, 0, 0, 1
194, 0, 7.720, 0.88, 1, 2.44, 0.10, 1.93, 0.76, 0.00, 0.60, 0.00, 0.00, 0.00, 0.00, 0.00, 0.93, 0.62, 0.00, 0.00, 0.00, 0.00, 1.0, 1.0, 1.0, 1.0, 0.0, 1.0, 0.0, 0.0, 0.0, 0.0, 0.0, 1.0, 1.0, 0.0, 0.0, 0.0, 0.0, 0.0, 0, 0, 1, 1, 1, 0, 1, 0, 1, 0, 1, 0, 1, 1, 1, 0, 0, 1, 0, 0, 1
195, 0, 7.760, 0.88, 1, 2.33, 0.26, 2.08, 1.34, 0.00, 0.33, 0.00, 0.00, 0.00, 0.00, 0.00, 0.81, 0.41, 0.00, 0.00, 0.00, 0.00, 1.0, 1.0, 1.0, 1.0, 0.0, 1.0, 0.0, 0.0, 0.0, 0.0, 0.0, 1.0, 1.0, 0.0, 0.0, 0.0, 0.0, 0.0, 0, 0, 1, 1, 1, 0, 1, 0, 1, 0, 1, 0, 1, 1, 1, 0, 0, 1, 0, 0, 1
196, 0, 7.800, 0.88, 1, 2.27, 0.02, 2.11, 0.53, 0.00, 0.63, 0.00, 0.00, 0.00, 0.00, 0.00, 0.53, 0.45, 0.00, 0.00, 0.00, 0.00, 1.0, 1.0, 1.0, 1.0, 0.0, 1.0, 0.0, 0.0, 0.0, 0.0, 0.0, 1.0, 1.0, 0.0, 0.0, 0.0, 0.0, 0.0, 0, 0, 1, 1, 1, 0, 1, 0, 1, 0, 1, 0, 1, 1, 1, 0, 0, 1, 0, 0, 1
197, 0, 7.840, 0.88, 1, 2.10, 0.00, 2.27, 0.42, 0.00, 0.87, 0.00, 0.00, 0.00, 0.00, 0.00, 0.53, 0.39, 0.00, 0.00, 0.00, 0.00, 1.0, 1.0, 1.0, 1.0, 0.0, 1.0, 0.0, 0.0, 0.0, 0.0, 0.0, 1.0, 1.0, 0.0, 0.0, 0.0, 0.0, 0.0, 0, 0, 1, 1, 1, 0, 1, 0, 1, 0, 1, 0, 1, 1, 1, 0, 0, 1, 0, 0, 1
198, 0, 7.880, 0.88, 1, 2.16, 0.00, 2.19, 0.35, 0.00, 0.98, 0.00, 0.00, 0.00, 0.00, 0.00, 0.64, 0.42, 0.00, 0.00, 0.00, 0.00, 1.0, 1.0, 1.0, 1.0, 0.0, 1.0, 0.0, 0.0, 0.0, 0.0, 0.0, 1.0, 1.0, 0.0, 0.0, 0.0, 0.0, 0.0, 0, 0, 1, 1, 1, 0, 1, 0, 1, 0, 1, 0, 1, 1, 1, 0, 0, 1, 0, 0, 1
199, 0, 7.920, 0.88, 1, 2.12, 0.00, 2.11, 0.56, 0.00, 0.97, 0.00, 0.00, 0.00, 0.00, 0.00, 0.48, 0.43, 0.00, 0.00, 0.00, 0.00, 1.0, 1.0, 1.0, 1.0, 0.0, 1.0, 0.0, 0.0, 0.0, 0.0, 0.0, 1.0, 1.0, 0.0, 0.0, 0.0, 0.0, 0.0, 0, 0, 1, 1, 1, 0, 1, 0, 1, 0, 1, 0, 1, 1, 1, 0, 0, 1, 0, 0, 1
200, 0, 7.960, 0.88, 1, 2.18, 0.00, 2.41, 0.01, 0.00, 1.12, 0.00, 0.00, 0.00, 0.00, 0.00, 0.60, 0.00, 0.00, 0.00, 0.00, 0.00, 1.0, 1.0, 1.0, 1.0, 0.0, 1.0, 0.0, 0.0, 0.0, 0.0, 0.0, 1.0, 1.0, 0.0, 0.0, 0.0, 0.0, 0.0, 0, 0, 1, 1, 1, 0, 1, 0, 1, 0, 1, 0, 1, 1, 1, 0, 0, 1, 0, 0, 1
201, 0, 8.000, 0.88, 1, 2.24, 0.10, 2.08, 0.87, 0.00, 0.94, 0.00, 0.00, 0.00, 0.00, 0.00, 0.63, 0.13, 0.00, 0.00, 0.00, 0.00, 1.0, 1.0, 1.0, 1.0, 0.0, 1.0, 0.0, 0.0, 0.0, 0.0, 0.0, 1.0, 1.0, 0.0, 0.0, 0.0, 0.0, 0.0, 0, 0, 1, 1, 1, 0, 1, 0, 1, 0, 1, 0, 1, 1, 1, 0, 0, 1, 0, 0, 1
202, 0, 8.040, 0.88, 1, 2.38, 0.01, 2.30, 0.08, 0.00, 1.18, 0.00, 0.00, 0.00, 0.00, 0.00, 0.53, 0.00, 0.00, 0.00, 0.00, 0.00, 1.0, 1.0, 1.0, 1.0, 0.0, 1.0, 0.0, 0.0, 0.0, 0.0, 0.0, 1.0, 1.0, 0.0, 0.0, 0.0, 0.0, 0.0, 0, 0, 1, 1, 1, 0, 1, 0, 1, 0, 1, 0, 1, 1, 1, 0, 0, 1, 0, 0, 1
203, 0, 8.080, 0.88, 1, 1.90, 0.00, 2.08, 0.43, 0.00, 1.77, 0.00, 0.00, 0.00, 0.00, 0.00, 0.51, 0.00, 0.00, 0.00, 0.00, 0.00, 1.0, 1.0, 1.0, 1.0, 0.0, 1.0, 0.0, 0.0, 0.0, 0.0, 0.0, 1.0, 1.0, 0.0, 0.0, 0.0, 0.0, 0.0, 0, 0, 1, 1, 1, 0, 1, 0, 1, 0, 1, 0, 1, 1, 1, 0, 0, 1, 0, 0, 1
204, 0, 8.120, 0.88, 1, 1.91, 0.00, 2.12, 0.56, 0.00, 1.25, 0.00, 0.00, 0.00, 0.00, 0.00, 0.35, 0.13, 0.00, 0.00, 0.00, 0.00, 1.0, 1.0, 1.0, 1.0, 0.0, 1.0, 0.0, 0.0, 0.0, 0.0, 0.0, 1.0, 1.0, 0.0, 0.0, 0.0, 0.0, 0.0, 0, 0, 1, 1, 1, 0, 1, 0, 1, 0, 1, 0, 1, 1, 1, 0, 0, 1, 0, 0, 1
205, 0, 8.160, 0.88, 1, 1.70, 0.00, 1.95, 0.90, 0.00, 0.62, 0.00, 0.00, 0.00, 0.00, 0.00, 0.29, 0.22, 0.00, 0.00, 0.00, 0.00, 1.0, 1.0, 1.0, 1.0, 0.0, 1.0, 0.0, 0.0, 0.0, 0.0, 0.0, 1.0, 1.0, 0.0, 0.0, 0.0, 0.0, 0.0, 0, 0, 1, 1, 1, 0, 1, 0, 1, 0, 1, 0, 1, 1, 1, 0, 0, 1, 0, 0, 1
206, 0, 8.200, 0.88, 1, 1.84, 0.00, 2.23, 0.75, 0.00, 0.97, 0.00, 0.00, 0.00, 0.00, 0.00, 0.40, 0.20, 0.00, 0.00, 0.00, 0.00, 1.0, 1.0, 1.0, 1.0, 0.0, 1.0, 0.0, 0.0, 0.0, 0.0, 0.0, 1.0, 1.0, 0.0, 0.0, 0.0, 0.0, 0.0, 0, 0, 1, 1, 1, 0, 1, 0, 1, 0, 1, 0, 1, 1, 1, 0, 0, 1, 0, 0, 1
207, 0, 8.240, 0.88, 1, 1.85, 0.00, 2.17, 0.74, 0.00, 0.95, 0.00, 0.00, 0.00, 0.00, 0.00, 0.35, 0.41, 0.00, 0.00, 0.00, 0.00, 1.0, 1.0, 1.0, 1.0, 0.0, 1.0, 0.0, 0.0, 0.0, 0.0, 0.0, 1.0, 1.0, 0.0, 0.0, 0.0, 0.0, 0.0, 0, 0, 1, 1, 1, 0, 1, 0, 1, 0, 1, 0, 1, 1, 1, 0, 0, 1, 0, 0, 1
208, 0, 8.280, 0.88, 1, 2.01, 0.00, 2.36, 1.07, 0.00, 1.00, 0.00, 0.00, 0.00, 0.00, 0.00, 0.27, 0.69, 0.00, 0.00, 0.00, 0.00, 1.0, 1.0, 1.0, 1.0, 0.0, 1.0, 0.0, 0.0, 0.0, 0.0, 0.0, 1.0, 1.0, 0.0, 0.0, 0.0, 0.0, 0.0, 0, 0, 1, 1, 1, 0, 1, 0, 1, 0, 1, 0, 1, 1, 1, 0, 0, 1, 0, 0, 1
209, 0, 8.320, 0.88, 1, 2.00, 0.00, 2.12, 1.30, 0.00, 1.53, 0.00, 0.00, 0.00, 0.00, 0.00, 0.10, 0.69, 0.00, 0.00, 0.00, 0.00, 1.0, 1.0, 1.0, 1.0, 0.0, 1.0, 0.0, 0.0, 0.0, 0.0, 0.0, 1.0, 1.0, 0.0, 0.0, 0.0, 0.0, 0.0, 0, 0, 1, 1, 1, 0, 1, 0, 1, 0, 1, 0, 1, 1, 1, 0, 0, 1, 0, 0, 1
210, 0, 8.360, 0.88, 1, 1.98, 0.00, 1.92, 0.54, 0.00, 1.27, 0.00, 0.00, 0.00, 0.00, 0.00, 0.19, 0.58, 0.00, 0.00, 0.00, 0.00, 1.0, 1.0, 1.0, 1.0, 0.0, 1.0, 0.0, 0.0, 0.0, 0.0, 0.0, 1.0, 1.0, 0.0, 0.0, 0.0, 0.0, 0.0, 0, 0, 1, 1, 1, 0, 1, 0, 1, 0, 1, 0, 1, 1, 1, 0, 0, 1, 0, 0, 1
211, 0, 8.400, 0.88, 1, 1.75, 0.00, 2.02, 0.66, 0.00, 1.16, 0.00, 0.00, 0.00, 0.00, 0.00, 0.38, 0.46, 0.00, 0.00, 0.00, 0.00, 1.0, 1.0, 1.0, 1.0, 0.0, 1.0, 0.0, 0.0, 0.0, 0.0, 0.0, 1.0, 1.0, 0.0, 0.0, 0.0, 0.0, 0.0, 0, 0, 1, 1, 1, 0, 1, 0, 1, 0, 1, 0, 1, 1, 1, 0, 0, 1, 0, 0, 1
212, 0, 8.440, 0.88, 1, 1.87, 0.00, 2.01, 0.72, 0.00, 1.51, 0.00, 0.00, 0.00, 0.00, 0.00, 0.61, 0.45, 0.00, 0.00, 0.00, 0.00, 1.0, 1.0, 1.0, 1.0, 0.0, 1.0, 0.0, 0.0, 0.0, 0.0, 0.0, 1.0, 1.0, 0.0, 0.0, 0.0, 0.0, 0.0, 0, 0, 1, 1, 1, 0, 1, 0, 1, 0, 1, 0, 1, 1, 1, 0, 0, 1, 0, 0, 1
213, 0, 8.480, 0.88, 1, 1.79, 0.00, 2.10, 0.86, 0.00, 1.71, 0.00, 0.00, 0.00, 0.00, 0.00, 0.46, 0.46, 0.00, 0.00, 0.00, 0.00, 1.0, 1.0, 1.0, 1.0, 0.0, 1.0, 0.0, 0.0, 0.0, 0.0, 0.0, 1.0, 1.0, 0.0, 0.0, 0.0, 0.0, 0.0, 0, 0, 1, 1, 1, 0, 1, 0, 1, 0, 1, 0, 1, 1, 1, 0, 0, 1, 0, 0, 1
214, 0, 8.520, 0.88, 1, 1.61, 0.00, 2.05, 1.10, 0.00, 1.36, 0.00, 0.00, 0.00, 0.00, 0.00, 0.45, 0.47, 0.00, 0.00, 0.00, 0.00, 1.0, 1.0, 1.0, 1.0, 0.0, 1.0, 0.0, 0.0, 0.0, 0.0, 0.0, 1.0, 1.0, 0.0, 0.0, 0.0, 0.0, 0.0, 0, 0, 1, 1, 1, 0, 1, 0, 1, 0, 1, 0, 1, 1, 1, 0, 0, 1, 0, 0, 1
215, 0, 8.560, 0.88, 1, 1.65, 0.00, 1.82, 1.07, 0.00, 1.14, 0.00, 0.00, 0.00, 0.00, 0.00, 0.27, 0.59, 0.00, 0.00, 0.00, 0.00, 1.0, 1.0, 1.0, 1.0, 0.0, 1.0, 0.0, 0.0, 0.0, 0.0, 0.0, 1.0, 1.0, 0.0, 0.0, 0.0, 0.0, 0.0, 0, 0, 1, 1, 1, 0, 1, 0, 1, 0, 1, 0, 1, 1, 1, 0, 0, 1, 0, 0, 1
216, 0, 8.600, 0.88, 1, 1.54, 0.00, 1.78, 1.31, 0.00, 1.13, 0.00, 0.00, 0.00, 0.00, 0.00, 0.17, 0.78, 0.00, 0.00, 0.00, 0.00, 1.0, 1.0, 1.0, 1.0, 0.0, 1.0, 0.0, 0.0, 0.0, 0.0, 0.0, 1.0, 1.0, 0.0, 0.0, 0.0, 0.0, 0.0, 0, 0, 1, 1, 1, 0, 1, 0, 1, 0, 1, 0, 1, 1, 1, 0, 0, 1, 0, 0, 1
217, 0, 8.640, 0.88, 1, 1.64, 0.00, 2.54, 1.49, 0.00, 1.77, 0.00, 0.00, 0.00, 0.00, 0.00, 0.72, 0.20, 0.00, 0.00, 0.00, 0.00, 1.0, 1.0, 1.0, 1.0, 0.0, 1.0, 0.0, 0.0, 0.0, 0.0, 0.0, 1.0, 1.0, 0.0, 0.0, 0.0, 0.0, 0.0, 0, 0, 1, 1, 1, 0, 1, 0, 1, 0, 1, 0, 1, 1, 1, 0, 0, 1, 0, 0, 1
218, 0, 8.680, 0.88, 1, 1.78, 0.00, 2.49, 1.39, 0.00, 1.67, 0.00, 0.00, 0.00, 0.00, 0.00, 0.78, 0.22, 0.00, 0.00, 0.00, 0.00, 1.0, 1.0, 1.0, 1.0, 0.0, 1.0, 0.0, 0.0, 0.0, 0.0, 0.0, 1.0, 1.0, 0.0, 0.0, 0.0, 0.0, 0.0, 0, 0, 1, 1, 1, 0, 1, 0, 1, 0, 1, 0, 1, 1, 1, 0, 0, 1, 0, 0, 1
219, 0, 8.720, 0.88, 1, 1.46, 0.00, 2.71, 1.96, 0.00, 1.58, 0.00, 0.00, 0.00, 0.00, 0.00, 0.58, 0.40, 0.00, 0.00, 0.00, 0.00, 1.0, 1.0, 1.0, 1.0, 0.0, 1.0, 0.0, 0.0, 0.0, 0.0, 0.0, 1.0, 1.0, 0.0, 0.0, 0.0, 0.0, 0.0, 0, 0, 1, 1, 1, 0, 1, 0, 1, 0, 1, 0, 1, 1, 1, 0, 0, 1, 0, 0, 1
220, 0, 8.760, 0.82, 1, 1.67, 0.00, 2.72, 1.58, 0.00, 1.34, 0.00, 0.00, 0.00, 0.00, 0.00, 0.53, 0.67, 0.00, 0.00, 0.00, 0.00, 1.0, 1.0, 1.0, 1.0, 0.0, 1.0, 0.0, 0.0, 0.0, 0.0, 0.0, 1.0, 1.0, 0.0, 0.0, 0.0, 0.0, 0.0, 0, 0, 1, 1, 1, 0, 1, 0, 1, 0, 1, 0, 1, 1, 1, 0, 0, 1, 0, 0, 1
221, 0, 8.800, 0.88, 1, 1.45, 0.00, 2.64, 1.29, 0.00, 1.69, 0.00, 0.00, 0.00, 0.00, 0.00, 0.73, 0.56, 0.00, 0.00, 0.00, 0.00, 1.0, 1.0, 1.0, 1.0, 0.0, 1.0, 0.0, 0.0, 0.0, 0.0, 0.0, 1.0, 1.0, 0.0, 0.0, 0.0, 0.0, 0.0, 0, 0, 1, 1, 1, 0, 1, 0, 1, 0, 1, 0, 1, 1, 1, 0, 0, 1, 0, 0, 1
222, 0, 8.840, 0.88, 1, 1.45, 0.00, 2.63, 1.42, 0.00, 1.66, 0.00, 0.00, 0.00, 0.00, 0.00, 0.73, 0.68, 0.00, 0.00, 0.00, 0.00, 1.0, 1.0, 1.0, 1.0, 0.0, 1.0, 0.0, 0.0, 0.0, 0.0, 0.0, 1.0, 1.0, 0.0, 0.0, 0.0, 0.0, 0.0, 0, 0, 1, 1, 1, 0, 1, 0, 1, 0, 1, 0, 1, 1, 1, 0, 0, 1, 0, 0, 1
223, 0, 8.880, 0.88, 1, 1.44, 0.00, 2.53, 1.13, 0.00, 1.84, 0.00, 0.00, 0.00, 0.00, 0.00, 0.77, 0.75, 0.00, 0.00, 0.00, 0.00, 1.0, 1.0, 1.0, 1.0, 0.0, 1.0, 0.0, 0.0, 0.0, 0.0, 0.0, 1.0, 1.0, 0.0, 0.0, 0.0, 0.0, 0.0, 0, 0, 1, 1, 1, 0, 1, 0, 1, 0, 1, 0, 1, 1, 1, 0, 0, 1, 0, 0, 1
224, 0, 8.920, 0.88, 1, 1.49, 0.00, 2.37, 1.33, 0.00, 1.45, 0.00, 0.00, 0.00, 0.00, 0.00, 0.81, 0.35, 0.00, 0.00, 0.00, 0.01, 1.0, 1.0, 1.0, 1.0, 0.0, 1.0, 0.0, 0.0, 0.0, 0.0, 0.0, 1.0, 1.0, 0.0, 0.0, 0.0, 0.0, 0.0, 0, 0, 1, 1, 1, 0, 1, 0, 1, 0, 1, 0, 1, 1, 1, 0, 0, 1, 0, 0, 1
225, 0, 8.960, 0.88, 1, 1.86, 0.00, 2.61, 1.46, 0.00, 1.43, 0.00, 0.00, 0.00, 0.00, 0.00, 0.55, 0.12, 0.00, 0.00, 0.00, 0.09, 1.0, 1.0, 1.0, 1.0, 0.0, 1.0, 0.0, 0.0, 0.0, 0.0, 0.0, 1.0, 1.0, 0.0, 0.0, 0.0, 0.0, 0.0, 0, 0, 1, 1, 1, 0, 1, 0, 1, 0, 1, 0, 1, 1, 1, 0, 0, 1, 0, 0, 1
226, 0, 9.000, 0.88, 1, 1.49, 0.00, 2.68, 1.30, 0.00, 1.60, 0.00, 0.00, 0.00, 0.00, 0.00, 0.55, 0.41, 0.00, 0.00, 0.00, 0.00, 1.0, 1.0, 1.0, 1.0, 0.0, 1.0, 0.0, 0.0, 0.0, 0.0, 0.0, 1.0, 1.0, 0.0, 0.0, 0.0, 0.0, 0.0, 0, 0, 1, 1, 1, 0, 1, 0, 1, 0, 1, 0, 1, 1, 1, 0, 0, 1, 0, 0, 1
227, 0, 9.040, 0.88, 1, 2.08, 0.00, 2.52, 0.99, 0.00, 1.23, 0.00, 0.00, 0.00, 0.00, 0.00, 0.61, 0.24, 0.00, 0.00, 0.00, 0.18, 1.0, 1.0, 1.0, 1.0, 0.0, 1.0, 0.0, 0.0, 0.0, 0.0, 0.0, 1.0, 1.0, 0.0, 0.0, 0.0, 0.0, 0.0, 0, 0, 1, 1, 1, 0, 1, 0, 1, 0, 1, 0, 1, 1, 1, 0, 0, 1, 0, 0, 1
228, 0, 9.080, 0.88, 1, 1.90, 0.00, 2.56, 0.99, 0.00, 1.64, 0.00, 0.00, 0.00, 0.00, 0.00, 0.53, 0.40, 0.00, 0.00, 0.00, 0.16, 1.0, 1.0, 1.0, 1.0, 0.0, 1.0, 0.0, 0.0, 0.0, 0.0, 0.0, 1.0, 1.0, 0.0, 0.0, 0.0, 0.0, 0.0, 0, 0, 1, 1, 1, 0, 1, 0, 1, 0, 1, 0, 1, 1, 1, 0, 0, 1, 0, 0, 1
229, 0, 9.120, 0.88, 1, 1.71, 0.00, 2.21, 1.47, 0.00, 1.11, 0.00, 0.00, 0.00, 0.00, 0.00, 0.65, 0.59, 0.00, 0.00, 0.00, 0.31, 1.0, 1.0, 1.0, 1.0, 0.0, 1.0, 0.0, 0.0, 0.0, 0.0, 0.0, 1.0, 1.0, 0.0, 0.0, 0.0, 0.0, 0.0, 0, 0, 1, 1, 1, 0, 1, 0, 1, 0, 1, 0, 1, 1, 1, 0, 0, 1, 0, 0, 1
230, 0, 9.160, 0.88, 1, 1.79, 0.00, 2.06, 1.13, 0.00, 0.95, 0.00, 0.00, 0.00, 0.00, 0.00, 0.61, 0.60, 0.00, 0.00, 0.00, 0.08, 1.0, 1.0, 1.0, 1.0, 0.0, 1.0, 0.0, 0.0, 0.0, 0.0, 0.0, 1.0, 1.0, 0.0, 0.0, 0.0, 0.0, 0.0, 0, 0, 1, 1, 1, 0, 1, 0, 1, 0, 1, 0, 1, 1, 1, 0, 0, 1, 0, 0, 1
231, 0, 9.200, 0.88, 1, 1.88, 0.00, 1.92, 1.12, 0.00, 1.10, 0.00, 0.00, 0.00, 0.00, 0.00, 0.72, 0.44, 0.00, 0.00, 0.00, 0.11, 1.0, 1.0, 1.0, 1.0, 0.0, 1.0, 0.0, 0.0, 0.0, 0.0, 0.0, 1.0, 1.0, 0.0, 0.0, 0.0, 0.0, 0.0, 0, 0, 1, 1, 1, 0, 1, 0, 1, 0, 1, 0, 1, 1, 1, 0, 0, 1, 0, 0, 1
232, 0, 9.240, 0.88, 1, 1.71, 0.00, 1.95, 1.18, 0.00, 1.42, 0.00, 0.00, 0.00, 0.00, 0.13, 0.77, 0.69, 0.00, 0.00, 0.00, 0.00, 1.0, 1.0, 1.0, 1.0, 0.0, 1.0, 0.0, 0.0, 0.0, 0.0, 0.0, 1.0, 1.0, 0.0, 0.0, 0.0, 0.0, 0.0, 0, 0, 1, 1, 1, 0, 1, 0, 1, 0, 1, 0, 1, 1, 1, 0, 0, 1, 0, 0, 1
233, 0, 9.280, 0.88, 1, 1.82, 0.00, 2.28, 1.37, 0.00, 1.27, 0.00, 0.00, 0.00, 0.00, 0.14, 0.81, 0.38, 0.00, 0.00, 0.00, 0.04, 1.0, 1.0, 1.0, 1.0, 0.0, 1.0, 0.0, 0.0, 0.0, 0.0, 0.0, 1.0, 1.0, 0.0, 0.0, 0.0, 0.0, 0.0, 0, 0, 1, 1, 1, 0, 1, 0, 1, 0, 1, 0, 1, 1, 1, 0, 0, 1, 0, 0, 1
234, 0, 9.320, 0.88, 1, 1.88, 0.01, 2.02, 1.55, 0.00, 1.28, 0.00, 0.00, 0.00, 0.00, 0.31, 0.59, 0.41, 0.00, 0.00, 0.00, 0.00, 1.0, 1.0, 1.0, 1.0, 0.0, 1.0, 0.0, 0.0, 0.0, 0.0, 0.0, 1.0, 1.0, 0.0, 0.0, 0.0, 0.0, 0.0, 0, 0, 1, 1, 1, 0, 1, 0, 1, 0, 1, 0, 1, 1, 1, 0, 0, 1, 0, 0, 1
235, 0, 9.360, 0.88, 1, 1.43, 0.00, 2.03, 1.60, 0.00, 1.62, 0.00, 0.00, 0.00, 0.00, 0.21, 0.51, 0.19, 0.00, 0.00, 0.00, 0.00, 1.0, 1.0, 1.0, 1.0, 0.0, 1.0, 0.0, 0.0, 0.0, 0.0, 0.0, 1.0, 1.0, 0.0, 0.0, 0.0, 0.0, 0.0, 0, 0, 1, 1, 1, 0, 1, 0, 1, 0, 1, 0, 1, 1, 1, 0, 0, 1, 0, 0, 1
236, 0, 9.400, 0.88, 1, 1.56, 0.00, 2.31, 1.85, 0.00, 1.30, 0.00, 0.00, 0.00, 0.00, 0.53, 1.10, 0.27, 0.00, 0.00, 0.00, 0.00, 1.0, 1.0, 1.0, 1.0, 0.0, 1.0, 0.0, 0.0, 0.0, 0.0, 0.0, 1.0, 1.0, 0.0, 0.0, 0.0, 0.0, 0.0, 0, 0, 1, 1, 1, 0, 1, 0, 1, 0, 1, 0, 1, 1, 1, 0, 0, 1, 0, 0, 1
237, 0, 9.440, 0.88, 1, 1.64, 0.14, 2.23, 1.68, 0.00, 1.22, 0.00, 0.00, 0.00, 0.00, 0.66, 0.96, 0.53, 0.00, 0.00, 0.00, 0.00, 1.0, 1.0, 1.0, 1.0, 0.0, 0.0, 0.0, 0.0, 0.0, 0.0, 0.0, 1.0, 1.0, 0.0, 0.0, 0.0, 0.0, 0.0, 0, 0, 1, 0, 1, 0, 1, 0, 1, 0, 1, 0, 1, 1, 1, 0, 0, 1, 0, 0, 1
238, 0, 9.480, 0.88, 1, 1.66, 0.02, 2.20, 1.45, 0.00, 1.54, 0.00, 0.00, 0.00, 0.00, 0.65, 1.17, 0.36, 0.13, 0.00, 0.00, 0.00, 1.0, 1.0, 1.0, 1.0, 0.0, 1.0, 0.0, 0.0, 0.0, 0.0, 0.0, 1.0, 1.0, 1.0, 0.0, 0.0, 0.0, 0.0, 0, 0, 1, 1, 1, 0, 1, 0, 1, 0, 1, 0, 1, 1, 1, 0, 0, 1, 0, 0, 1
239, 0, 9.520, 0.88, 1, 1.70, 0.17, 2.06, 1.91, 0.00, 1.38, 0.00, 0.00, 0.00, 0.00, 0.76, 1.19, 0.18, 0.04, 0.00, 0.00, 0.00, 1.0, 1.0, 1.0, 1.0, 0.0, 1.0, 0.0, 0.0, 0.0, 0.0, 0.0, 1.0, 1.0, 1.0, 0.0, 0.0, 0.0, 0.0, 0, 0, 1, 1, 1, 0, 1, 0, 1, 0, 1, 0, 1, 1, 1, 0, 0, 1, 0, 0, 1
240, 0, 9.560, 0.88, 1, 1.52, 0.02, 2.18, 1.75, 0.00, 1.01, 0.00, 0.00, 0.00, 0.00, 0.68, 1.22, 0.27, 0.00, 0.00, 0.00, 0.00, 1.0, 1.0, 1.0, 1.0, 0.0, 0.0, 0.0, 0.0, 0.0, 0.0, 0.0, 1.0, 1.0, 0.0, 0.0, 0.0, 0.0, 0.0, 0, 0, 1, 0, 1, 0, 1, 0, 1, 0, 1, 0, 1, 1, 1, 0, 0, 1, 0, 0, 1
241, 0, 9.600, 0.88, 1, 1.89, 0.00, 2.01, 1.39, 0.00, 1.01, 0.00, 0.00, 0.00, 0.00, 0.58, 1.11, 0.52, 0.16, 0.00, 0.00, 0.04, 1.0, 1.0, 1.0, 1.0, 0.0, 1.0, 0.0, 0.0, 0.0, 0.0, 0.0, 1.0, 1.0, 1.0, 0.0, 0.0, 0.0, 0.0, 0, 0, 1, 1, 1, 0, 1, 0, 1, 0, 1, 0, 1, 1, 1, 0, 0, 1, 0, 0, 1
242, 0, 9.640, 0.88, 1, 1.77, 0.00, 1.89, 1.54, 0.00, 0.68, 0.00, 0.00, 0.00, 0.00, 0.72, 1.21, 0.41, 0.13, 0.00, 0.00, 0.00, 1.0, 1.0, 1.0, 1.0, 0.0, 1.0, 0.0, 0.0, 0.0, 0.0, 0.0, 1.0, 1.0, 1.0, 0.0, 0.0, 0.0, 0.0, 0, 0, 1, 1, 1, 0, 1, 0, 1, 0, 1, 0, 1, 1, 1, 0, 0, 1, 0, 0, 1
243, 0, 9.680, 0.88, 1, 1.93, 0.05, 1.88, 1.25, 0.00, 1.05, 0.00, 0.00, 0.00, 0.00, 0.57, 1.19, 0.28, 0.25, 0.00, 0.00, 0.00, 1.0, 1.0, 1.0, 1.0, 0.0, 0.0, 0.0, 0.0, 0.0, 0.0, 0.0, 1.0, 1.0, 1.0, 0.0, 0.0, 0.0, 0.0, 0, 0, 1, 0, 1, 0, 1, 0, 1, 0, 1, 0, 1, 1, 1, 0, 0, 1, 0, 0, 1
244, 0, 9.720, 0.88, 1, 1.91, 0.11, 1.91, 1.34, 0.00, 1.08, 0.00, 0.00, 0.00, 0.00, 0.65, 1.11, 0.37, 0.07, 0.00, 0.00, 0.00, 1.0, 1.0, 1.0, 1.0, 0.0, 1.0, 0.0, 0.0, 0.0, 0.0, 0.0, 1.0, 1.0, 1.0, 0.0, 0.0, 0.0, 0.0, 0, 0, 1, 1, 1, 0, 1, 0, 1, 0, 1, 0, 1, 1, 1, 0, 0, 1, 0, 0, 1
245, 0, 9.760, 0.88, 1, 2.02, 0.07, 1.87, 1.66, 0.00, 1.12, 0.00, 0.00, 0.00, 0.00, 0.61, 0.79, 0.09, 0.00, 0.00, 0.00, 0.00, 1.0, 1.0, 1.0, 1.0, 0.0, 1.0, 0.0, 0.0, 0.0, 0.0, 0.0, 1.0, 1.0, 0.0, 0.0, 0.0, 0.0, 0.0, 0, 0, 1, 1, 1, 0, 1, 0, 1, 0, 1, 0, 1, 1, 1, 0, 0, 1, 0, 0, 1
246, 0, 9.800, 0.88, 1, 2.02, 0.22, 2.05, 1.63, 0.00, 0.85, 0.00, 0.00, 0.00, 0.00, 0.45, 0.56, 0.19, 0.00, 0.00, 0.00, 0.00, 1.0, 1.0, 1.0, 1.0, 0.0, 1.0, 0.0, 0.0, 0.0, 0.0, 0.0, 0.0, 1.0, 0.0, 0.0, 0.0, 0.0, 0.0, 0, 0, 1, 1, 1, 0, 1, 0, 1, 0, 1, 0, 1, 1, 1, 0, 0, 1, 0, 0, 1
247, 0, 9.840, 0.88, 1, 1.96, 0.16, 1.75, 1.72, 0.00, 1.16, 0.00, 0.00, 0.00, 0.00, 0.40, 0.66, 0.19, 0.00, 0.00, 0.00, 0.00, 1.0, 1.0, 1.0, 1.0, 0.0, 1.0, 0.0, 0.0, 0.0, 0.0, 0.0, 0.0, 1.0, 0.0, 0.0, 0.0, 0.0, 0.0, 0, 0, 1, 1, 1, 0, 1, 0, 1, 0, 1, 0, 1, 1, 1, 0, 0, 1, 0, 0, 1
248, 0, 9.880, 0.88, 1, 1.79, 0.00, 1.73, 1.45, 0.00, 1.02, 0.00, 0.00, 0.00, 0.00, 0.48, 0.46, 0.00, 0.00, 0.00, 0.00, 0.00, 1.0, 1.0, 1.0, 1.0, 0.0, 1.0, 0.0, 0.0, 0.0, 0.0, 0.0, 0.0, 1.0, 0.0, 0.0, 0.0, 0.0, 0.0, 0, 0, 1, 1, 1, 0, 1, 0, 1, 0, 1, 0, 1, 1, 1, 0, 0, 1, 0, 0, 1
249, 0, 9.920, 0.88, 1, 2.02, 0.00, 1.70, 1.77, 0.00, 1.13, 0.00, 0.00, 0.00, 0.00, 0.29, 0.68, 0.15, 0.00, 0.00, 0.00, 0.00, 1.0, 1.0, 1.0, 1.0, 0.0, 1.0, 0.0, 0.0, 0.0, 0.0, 0.0, 0.0, 1.0, 0.0, 0.0, 0.0, 0.0, 0.0, 0, 0, 1, 1, 1, 0, 1, 0, 1, 0, 1, 0, 1, 1, 1, 0, 0, 1, 0, 0, 1
250, 0, 9.960, 0.88, 1, 2.02, 0.00, 1.44, 1.21, 0.00, 1.34, 0.00, 0.00, 0.00, 0.00, 0.28, 0.93, 0.17, 0.00, 0.00, 0.00, 0.00, 1.0, 1.0, 1.0, 1.0, 0.0, 1.0, 0.0, 0.0, 0.0, 0.0, 0.0, 1.0, 1.0, 0.0, 0.0, 0.0, 0.0, 0.0, 0, 0, 1, 1, 1, 0, 1, 0, 1, 0, 1, 0, 1, 1, 1, 0, 0, 1, 0, 0, 1
251, 0, 10.000, 0.88, 1, 1.90, 0.00, 1.68, 1.51, 0.00, 0.94, 0.00, 0.00, 0.00, 0.00, 0.37, 0.87, 0.42, 0.00, 0.00, 0.00, 0.00, 1.0, 1.0, 1.0, 1.0, 0.0, 1.0, 0.0, 0.0, 0.0, 0.0, 0.0, 1.0, 1.0, 0.0, 0.0, 0.0, 0.0, 0.0, 0, 0, 1, 1, 1, 0, 1, 0, 1, 0, 1, 0, 1, 1, 1, 0, 0, 1, 0, 0, 1
